person_key,person_name,tmdb_person_id,imdb_name_id
per_aj_bowen_ea616d,AJ Bowen,,
per_aj_teece_f0a318,AJ Teece,,
per_aaron_eckhart_2f907d,Aaron Eckhart,,
per_aaron_johnson_ba3e53,Aaron Johnson,,
per_aaron_paul_60706f,Aaron Paul,,
per_aaron_taylor_johnson_cf272d,Aaron Taylor-Johnson,,
per_abigail_breslin_4ea9db,Abigail Breslin,,
per_abigail_spencer_59ad7e,Abigail Spencer,,
per_adam_cozad_4d7834,Adam Cozad,,
per_adam_devine_52cc51,Adam DeVine,,
per_adam_driver_15a6a7,Adam Driver,,
per_adam_greaves_neal_c51646,Adam Greaves-Neal,,
per_adam_lefevre_146195,Adam Lefevre,,
per_adam_mckay_7c68c1,Adam McKay,,
per_adam_sandler_84236f,Adam Sandler,,
per_adam_scott_df7c52,Adam Scott,,
per_adam_sevani_459d16,Adam Sevani,,
per_adam_shankman_dd9aa6,Adam Shankman,,
per_adam_wingard_4e91c2,Adam Wingard,,
per_adelaide_clemens_39e96d,Adelaide Clemens,,
per_adewale_akinnuoye_agbaje_090ded,Adewale Akinnuoye-Agbaje,,
per_adrian_grenier_380a9b,Adrian Grenier,,
per_adrian_rawlins_c02084,Adrian Rawlins,,
per_adrianne_palicki_c08503,Adrianne Palicki,,
per_adrien_brody_789f9a,Adrien Brody,,
per_agnes_jaoui_42c900,Agnès Jaoui,,
per_aimee_carrero_b61a00,Aimee Carrero,,
per_akiva_goldsman_cace9a,Akiva Goldsman,,
per_akiva_schaffer_db302a,Akiva Schaffer,,
per_al_pacino_ce1d77,Al Pacino,,
per_alan_alda_0ace1e,Alan Alda,,
per_alan_arkin_a0459f,Alan Arkin,,
per_alan_rickman_0c660f,Alan Rickman,,
per_alan_ritchson_c15819,Alan Ritchson,,
per_alan_taylor_8acdb4,Alan Taylor,,
per_albert_brooks_8a86d1,Albert Brooks,,
per_alden_ehrenreich_d96105,Alden Ehrenreich,,
per_aldis_hodge_a04631,Aldis Hodge,,
per_alec_baldwin_ac57e7,Alec Baldwin,,
per_alec_sulkin_55a83e,Alec Sulkin,,
per_alejandro_g_inarritu_7e3436,Alejandro G. Iñárritu,,
per_alejandro_gomez_monteverde_eab2a5,Alejandro Gómez Monteverde,,
per_aleksander_bach_183645,Aleksander Bach,,
per_alessandro_carloni_e60c8d,Alessandro Carloni,,
per_alessandro_nivola_18259b,Alessandro Nivola,,
per_alex_abbad_e4a13a,Alex Abbad,,
per_alex_garland_ae4cec,Alex Garland,,
per_alex_jennings_bb6c3f,Alex Jennings,,
per_alex_kendrick_a9bdea,Alex Kendrick,,
per_alex_kurtzman_5713eb,Alex Kurtzman,,
per_alex_proyas_70b40e,Alex Proyas,,
per_alex_roe_185068,Alex Roe,,
per_alex_russell_c609d8,Alex Russell,,
per_alexander_dipersia_3c90fb,Alexander DiPersia,,
per_alexander_ludwig_2f412b,Alexander Ludwig,,
per_alexander_skarsgard_727f09,Alexander Skarsgard,,
per_alexander_skarsgard_bceaa1,Alexander Skarsgård,,
per_alexandra_daddario_8cef47,Alexandra Daddario,,
per_alexandra_maria_lara_de1f66,Alexandra Maria Lara,,
per_alexia_fast_84f4fe,Alexia Fast,,
per_alexis_knapp_612a5d,Alexis Knapp,,
per_alfonso_gomez_rejon_634bdf,Alfonso Gomez-Rejon,,
per_alfre_woodard_bb7f45,Alfre Woodard,,
per_alfred_molina_5afd61,Alfred Molina,,
per_alice_braga_be1942,Alice Braga,,
per_alice_englert_d56b0b,Alice Englert,,
per_alice_eve_580dfa,Alice Eve,,
per_alicia_vikander_d313ec,Alicia Vikander,,
per_alisa_khazanova_13638f,Alisa Khazanova,,
per_alison_brie_61530e,Alison Brie,,
per_allen_leech_39523a,Allen Leech,,
per_allie_deberry_29ff72,Allie DeBerry,,
per_allison_janney_c86faa,Allison Janney,,
per_allison_miller_cb7531,Allison Miller,,
per_allison_tolman_b22e4d,Allison Tolman,,
per_alon_aboutboul_35bfd2,Alon Aboutboul,,
per_alyson_hannigan_e24317,Alyson Hannigan,,
per_alyson_stoner_4cb5a4,Alyson Stoner,,
per_amanda_crew_226154,Amanda Crew,,
per_amanda_peet_48d4a5,Amanda Peet,,
per_amanda_seyfried_2d9a43,Amanda Seyfried,,
per_america_ferrera_4c0e2f,America Ferrera,,
per_america_olivo_bfc885,America Olivo,,
per_aml_ameen_11ce15,Aml Ameen,,
per_amr_waked_68eb7f,Amr Waked,,
per_amy_adams_cb6613,Amy Adams,,
per_amy_jackson_0c78ea,Amy Jackson,,
per_amy_poehler_fc44e2,Amy Poehler,,
per_amy_ryan_24938e,Amy Ryan,,
per_amy_winehouse_d8c2c9,Amy Winehouse,,
per_ana_coto_c8094f,Ana Coto,,
per_ana_de_armas_c5e9db,Ana de Armas,,
per_analeigh_tipton_4ce27d,Analeigh Tipton,,
per_anders_holm_b599bb,Anders Holm,,
per_andre_holland_7bcb23,Andre Holland,,
per_andrea_riseborough_c3141e,Andrea Riseborough,,
per_andres_muschietti_c67bd8,Andres Muschietti,,
per_andrew_dice_clay_301c62,Andrew Dice Clay,,
per_andrew_dominik_43aa19,Andrew Dominik,,
per_andrew_erwin_and_jon_erwin_d32366,Andrew Erwin and Jon Erwin,,
per_andrew_garfield_bf2bdc,Andrew Garfield,,
per_andrew_niccol_28628d,Andrew Niccol,,
per_andrew_scott_b74066,Andrew Scott,,
per_andy_fickman_a1a5ad,Andy Fickman,,
per_andy_samberg_34a4fc,Andy Samberg,,
per_andy_samberg_screenplay_d30efc,Andy Samberg (screenplay),,
per_andy_serkis_574df2,Andy Serkis,,
per_andy_wachowski_a53677,Andy Wachowski,,
per_ang_lee_671640,Ang Lee,,
per_angela_bassett_104ffd,Angela Bassett,,
per_angelina_jolie_d5e203,Angelina Jolie,,
per_angelo_pizzo_338076,Angelo Pizzo,,
per_angus_sampson_9a4f56,Angus Sampson,,
per_ann_dowd_7a4b40,Ann Dowd,,
per_anna_camp_e36e7f,Anna Camp,,
per_anna_faris_4cc7fd,Anna Faris,,
per_anna_kendrick_e961be,Anna Kendrick,,
per_anna_muylaert_7953af,Anna Muylaert,,
per_annasophia_robb_d37895,AnnaSophia Robb,,
per_annabelle_wallis_3c525a,Annabelle Wallis,,
per_anne_fletcher_a282c6,Anne Fletcher,,
per_anne_hathaway_9aaa88,Anne Hathaway,,
per_anne_marie_duff_297a33,Anne-Marie Duff,,
per_annette_bening_f48e0a,Annette Bening,,
per_ansel_elgort_f2f574,Ansel Elgort,,
per_anthony_hemingway_e05a48,Anthony Hemingway,,
per_anthony_mackie_6dc4cf,Anthony Mackie,,
per_anthony_peckham_2cc31f,Anthony Peckham,,
per_anthony_russo_f4717d,Anthony Russo,,
per_anthony_stacchi_115518,Anthony Stacchi,,
per_antoine_fuqua_260473,Antoine Fuqua,,
per_anton_corbijn_04428f,Anton Corbijn,,
per_antonio_banderas_c3dbd5,Antonio Banderas,,
per_antonio_bolivar_e4738a,Antonio Bolívar,,
per_anya_taylor_joy_1e4344,Anya Taylor-Joy,,
per_ari_sandel_d5cc65,Ari Sandel,,
per_ariel_schulman_1154e5,Ariel Schulman,,
per_ariel_vromen_347da8,Ariel Vromen,,
per_ariel_winter_d045c9,Ariel Winter,,
per_arifin_putra_715c4f,Arifin Putra,,
per_armie_hammer_094aab,Armie Hammer,,
per_arnold_schwarzenegger_5d1a4c,Arnold Schwarzenegger,,
per_art_parkinson_681fef,Art Parkinson,,
per_asger_leth_1ec057,Asger Leth,,
per_ashley_bell_a7efe3,Ashley Bell,,
per_ashley_greene_2aae14,Ashley Greene,,
per_ashley_judd_335e39,Ashley Judd,,
per_ashley_tisdale_c05cc7,Ashley Tisdale,,
per_ashton_kutcher_a3da53,Ashton Kutcher,,
per_asif_kapadia_cc6753,Asif Kapadia,,
per_astro_75bc07,Astro,,
per_aubrey_peeples_9b9b50,Aubrey Peeples,,
per_aubrey_plaza_55e512,Aubrey Plaza,,
per_audra_mcdonald_d85eb5,Audra McDonald,,
per_aurora_perrineau_ce1ac8,Aurora Perrineau,,
per_austin_stowell_ea0410,Austin Stowell,,
per_ava_duvernay_5445c3,Ava DuVernay,,
per_ayush_tandon_c556b0,Ayush Tandon,,
per_babak_najafi_9652c3,Babak Najafi,,
per_bai_baihe_717f98,Bai Baihe,,
per_bailee_madison_0dbf9a,Bailee Madison,,
per_baltasar_kormakur_1664d0,Baltasar Kormákur,,
per_bao_bei_er_77e399,Bao Bei'er,,
per_barbara_crampton_9a753e,Barbara Crampton,,
per_barkhad_abdi_6f717e,Barkhad Abdi,,
per_barry_levinson_545a03,Barry Levinson,,
per_barry_pepper_2983ac,Barry Pepper,,
per_barry_sonnenfeld_299916,Barry Sonnenfeld,,
per_baz_luhrmann_a33ca3,Baz Luhrmann,,
per_bella_thorne_dca0bb,Bella Thorne,,
per_ben_affleck_315b39,Ben Affleck,,
per_ben_falcone_50c7ac,Ben Falcone,,
per_ben_feldman_208116,Ben Feldman,,
per_ben_foster_42154f,Ben Foster,,
per_ben_kingsley_b8deb4,Ben Kingsley,,
per_ben_mendelsohn_2bbb28,Ben Mendelsohn,,
per_ben_stiller_c40482,Ben Stiller,,
per_ben_whishaw_171334,Ben Whishaw,,
per_benedict_cumberbatch_842fd8,Benedict Cumberbatch,,
per_benh_zeitlin_91a13d,Benh Zeitlin,,
per_benicio_del_toro_590c20,Benicio del Toro,,
per_benjamin_bratt_a32dd8,Benjamin Bratt,,
per_benjamin_walker_b213bd,Benjamin Walker,,
per_benson_lee_16cc4b,Benson Lee,,
per_beth_moore_8104dc,Beth Moore,,
per_bette_midler_1c6764,Bette Midler,,
per_betty_gabriel_fb0132,Betty Gabriel,,
per_bianca_a_santos_8340dd,Bianca A. Santos,,
per_bill_condon_b9535f,Bill Condon,,
per_bill_hader_b0a812,Bill Hader,,
per_bill_melendez_e2cc03,Bill Melendez,,
per_bill_murray_905adb,Bill Murray,,
per_bill_nighy_de3ef5,Bill Nighy,,
per_bill_paxton_49b53f,Bill Paxton,,
per_bill_pullman_281a99,Bill Pullman,,
per_bill_smitrovich_346d6f,Bill Smitrovich,,
per_bille_woodruff_46ff5f,Bille Woodruff,,
per_billy_bob_thornton_8b933e,Billy Bob Thornton,,
per_billy_burke_bc7d61,Billy Burke,,
per_billy_crystal_c0acf0,Billy Crystal,,
per_billy_ray_8d48b2,Billy Ray,,
per_blake_lively_3d7220,Blake Lively,,
per_boaz_yakin_61ed05,Boaz Yakin,,
per_bobby_cannavale_b6387c,Bobby Cannavale,,
per_bobby_farrelly_43cdea,Bobby Farrelly,,
per_boris_kodjoe_61d8f1,Boris Kodjoe,,
per_boyd_holbrook_b89b9f,Boyd Holbrook,,
per_brad_anderson_0624ef,Brad Anderson,,
per_brad_furman_f30988,Brad Furman,,
per_brad_peyton_74ba81,Brad Peyton,,
per_brad_pitt_c24c70,Brad Pitt,,
per_bradley_cooper_72962d,Bradley Cooper,,
per_bradley_parker_ac2a10,Bradley Parker,,
per_bradley_whitford_59ae24,Bradley Whitford,,
per_brandon_mychal_smith_8787f2,Brandon Mychal Smith,,
per_brea_bee_6f630a,Brea Bee,,
per_breck_eisner_2ffa30,Breck Eisner,,
per_brendan_fraser_5e1803,Brendan Fraser,,
per_brendan_gleeson_197b15,Brendan Gleeson,,
per_brenton_thwaites_701816,Brenton Thwaites,,
per_brian_geraghty_218411,Brian Geraghty,,
per_brian_helgeland_701ce2,Brian Helgeland,,
per_brian_howe_51e92b,Brian Howe,,
per_brian_j_white_67688e,Brian J. White,,
per_brian_robbins_0eb9cb,Brian Robbins,,
per_brian_taylor_ca6bf2,Brian Taylor,,
per_brian_tee_056efa,Brian Tee,,
per_briana_evigan_44fc95,Briana Evigan,,
per_bridget_moynahan_f5548a,Bridget Moynahan,,
per_bridgit_mendler_f2dc76,Bridgit Mendler,,
per_brie_larson_d50299,Brie Larson,,
per_brit_marling_561617,Brit Marling,,
per_brittany_snow_0869e8,Brittany Snow,,
per_brooklyn_decker_6fbd63,Brooklyn Decker,,
per_bruce_dern_4d1b3a,Bruce Dern,,
per_bruce_greenwood_17a6e2,Bruce Greenwood,,
per_bruce_mcgill_be54a2,Bruce McGill,,
per_bruce_timm_a1ec5e,Bruce Timm,,
per_bruce_willis_4529e1,Bruce Willis,,
per_bruno_mars_6817ef,Bruno Mars,,
per_bruno_podalydes_b409ce,Bruno Podalydès,,
per_bryan_cranston_dde683,Bryan Cranston,,
per_bryan_singer_734c19,Bryan Singer,,
per_burnie_burns_fdeae8,Burnie Burns,,
per_burr_steers_e410f5,Burr Steers,,
per_byron_mann_b5a0e4,Byron Mann,,
per_caitriona_balfe_652985,Caitriona Balfe,,
per_caity_lotz_a2c8d4,Caity Lotz,,
per_cal_brunker_cd8b57,Cal Brunker,,
per_caleb_castille_8f672e,Caleb Castille,,
per_cameron_crowe_54a415,Cameron Crowe,,
per_cameron_diaz_99fe4a,Cameron Diaz,,
per_camila_mardila_d363d3,Camila Márdila,,
per_camille_delamarre_f7538f,Camille Delamarre,,
per_cara_delevingne_1b322f,Cara Delevingne,,
per_carey_mulligan_a92cf8,Carey Mulligan,,
per_carice_van_houten_a84875,Carice van Houten,,
per_carlo_carlei_6ea9ac,Carlo Carlei,,
per_carlos_saldanha_dcafd2,Carlos Saldanha,,
per_carmen_ejogo_805a13,Carmen Ejogo,,
per_carol_burnett_b14288,Carol Burnett,,
per_carrie_anne_moss_72593b,Carrie-Anne Moss,,
per_cary_elwes_3dcc3b,Cary Elwes,,
per_casey_affleck_41022c,Casey Affleck,,
per_cassi_thomson_f5fda1,Cassi Thomson,,
per_cassie_ventura_b66ae5,Cassie Ventura,,
per_cate_blanchett_2f0c40,Cate Blanchett,,
per_catherine_keener_df3f47,Catherine Keener,,
per_catherine_zeta_jones_5360e6,Catherine Zeta-Jones,,
per_cedric_nicolas_troyan_563642,Cedric Nicolas-Troyan,,
per_cedric_the_entertainer_6cff30,Cedric the Entertainer,,
per_celia_imrie_961434,Celia Imrie,,
per_cem_ylmaz_72ceec,Cem Yılmaz,,
per_chad_michael_murray_81bc9c,Chad Michael Murray,,
per_chad_stahelski_15cd38,Chad Stahelski,,
per_chadwick_boseman_572492,Chadwick Boseman,,
per_channing_tatum_c931b9,Channing Tatum,,
per_charles_baker_5b2665,Charles Baker,,
per_charles_dance_cd2225,Charles Dance,,
per_charles_martin_smith_d7cc7a,Charles Martin Smith,,
per_charlie_day_0d1d23,Charlie Day,,
per_charlie_hunnam_be4830,Charlie Hunnam,,
per_charlie_sheen_8802a5,Charlie Sheen,,
per_charlize_theron_3bebb3,Charlize Theron,,
per_charlotte_le_bon_d7c29c,Charlotte Le Bon,,
per_charlotte_d_amboise_7fbe9f,Charlotte d'Amboise,,
per_chazz_palminteri_a2e63f,Chazz Palminteri,,
per_chelsea_handler_d3d0fa,Chelsea Handler,,
per_chen_kun_877676,Chen Kun,,
per_chiwetel_ejiofor_7c7836,Chiwetel Ejiofor,,
per_chloe_grace_moretz_063f62,Chloë Grace Moretz,,
per_choi_min_sik_770611,Choi Min-sik,,
per_choi_siwon_101e87,Choi Siwon,,
per_chris_brown_aed680,Chris Brown,,
per_chris_butler_1d5d33,Chris Butler,,
per_chris_columbus_b33292,Chris Columbus,,
per_chris_diamantopoulos_f2c74d,Chris Diamantopoulos,,
per_chris_evans_e6c26b,Chris Evans,,
per_chris_hemsworth_c6dec7,Chris Hemsworth,,
per_chris_kirby_c7d880,Chris Kirby,,
per_chris_miller_b0a4e3,Chris Miller,,
per_chris_o_dowd_19d8ed,Chris O'Dowd,,
per_chris_pine_c06f26,Chris Pine,,
per_chris_pratt_a748d9,Chris Pratt,,
per_chris_renaud_3e1b66,Chris Renaud,,
per_chris_rock_8adc47,Chris Rock,,
per_chris_sanders_82a558,Chris Sanders,,
per_chris_wedge_c28bb6,Chris Wedge,,
per_christina_applegate_adc18e,Christina Applegate,,
per_christine_taylor_b73487,Christine Taylor,,
per_christoph_waltz_02580b,Christoph Waltz,,
per_christopher_knights_ec9593,Christopher Knights,,
per_christopher_lloyd_bf64a3,Christopher Lloyd,,
per_christopher_mcquarrie_6de32b,Christopher McQuarrie,,
per_christopher_meloni_a8764b,Christopher Meloni,,
per_christopher_mintz_plasse_7e6a51,Christopher Mintz-Plasse,,
per_christopher_nolan_58c0ef,Christopher Nolan,,
per_christopher_plummer_61bdf7,Christopher Plummer,,
per_christopher_spencer_574058,Christopher Spencer,,
per_christopher_walken_d013e8,Christopher Walken,,
per_ciaran_foy_0e1462,Ciaran Foy,,
per_ciaran_hinds_8e2526,Ciarán Hinds,,
per_cillian_murphy_6b4070,Cillian Murphy,,
per_ciro_guerra_44a6c2,Ciro Guerra,,
per_claire_julien_533542,Claire Julien,,
per_clark_duke_e1cbe8,Clark Duke,,
per_clay_kaytis_75ecad,Clay Kaytis,,
per_cliff_curtis_7a2204,Cliff Curtis,,
per_clifton_collins_b7692e,Clifton Collins,,
per_clint_eastwood_db508e,Clint Eastwood,,
per_cloris_leachman_d27fcc,Cloris Leachman,,
per_cobie_smulders_06b4ff,Cobie Smulders,,
per_cocoa_brown_483b0e,Cocoa Brown,,
per_cody_cameron_c0854b,Cody Cameron,,
per_colin_farrell_ae0a35,Colin Farrell,,
per_colin_firth_0245d8,Colin Firth,,
per_colin_salmon_a76b3b,Colin Salmon,,
per_colm_wilkinson_69dee5,Colm Wilkinson,,
per_colton_dunn_df56b6,Colton Dunn,,
per_common_730cdd,Common,,
per_connie_britton_388ef1,Connie Britton,,
per_connor_corum_5d0086,Connor Corum,,
per_conrad_vernon_96cc48,Conrad Vernon,,
per_corey_hawkins_46f636,Corey Hawkins,,
per_corey_stoll_a3ec9b,Corey Stoll,,
per_courtney_eaton_04d52a,Courtney Eaton,,
per_courtney_solomon_6a99e2,Courtney Solomon,,
per_craig_ferguson_775196,Craig Ferguson,,
per_craig_robinson_a6ee33,Craig Robinson,,
per_craig_t_nelson_5d5aa1,Craig T. Nelson,,
per_cuba_gooding_jr_3d18ab,Cuba Gooding Jr.,,
per_curtis_hanson_509375,Curtis Hanson,,
per_cyrus_nowrasteh_b72b8c,Cyrus Nowrasteh,,
per_dakota_goyo_bfdc0f,Dakota Goyo,,
per_dakota_johnson_be6641,Dakota Johnson,,
per_dallas_roberts_db6aef,Dallas Roberts,,
per_damian_lewis_81c008,Damian Lewis,,
per_damien_chazelle_9aa854,Damien Chazelle,,
per_damon_wayans_4ddad6,Damon Wayans,,
per_dan_bradley_ab9c82,Dan Bradley,,
per_dan_fogelman_8ae3d4,Dan Fogelman,,
per_dan_gilroy_58ca0b,Dan Gilroy,,
per_dan_naturman_5dd33f,Dan Naturman,,
per_dan_stevens_3bbf6f,Dan Stevens,,
per_dan_trachtenberg_f40b2e,Dan Trachtenberg,,
per_dan_yeager_6d8c89,Dan Yeager,,
per_dana_gaier_403aff,Dana Gaier,,
per_dane_dehaan_850b12,Dane DeHaan,,
per_dania_ramirez_e743aa,Dania Ramirez,,
per_daniel_barnz_2c096a,Daniel Barnz,,
per_daniel_bruhl_f91ec6,Daniel Bruhl,,
per_daniel_bruhl_981115,Daniel Brühl,,
per_daniel_day_lewis_2839b7,Daniel Day-Lewis,,
per_daniel_espinosa_a094df,Daniel Espinosa,,
per_daniel_kash_0b2659,Daniel Kash,,
per_daniel_lee_15c4dd,Daniel Lee,,
per_daniel_radcliffe_79982e,Daniel Radcliffe,,
per_daniel_sunjata_acb050,Daniel Sunjata,,
per_daniel_zovatto_8a21a9,Daniel Zovatto,,
per_daniela_ruah_8995d3,Daniela Ruah,,
per_daniella_alonso_658d0a,Daniella Alonso,,
per_daniella_kertesz_b62b58,Daniella Kertesz,,
per_danila_kozlovsky_0d3e21,Danila Kozlovsky,,
per_danny_boyle_e99f28,Danny Boyle,,
per_danny_devito_2cd96e,Danny DeVito,,
per_danny_glover_4d4f44,Danny Glover,,
per_danny_huston_d140b7,Danny Huston,,
per_danny_mcbride_cb4479,Danny McBride,,
per_darren_aronofsky_f61352,Darren Aronofsky,,
per_darwin_shaw_2c5d71,Darwin Shaw,,
per_dascha_polanco_86137e,Dascha Polanco,,
per_dave_bautista_96b01a,Dave Bautista,,
per_dave_franco_fa44af,Dave Franco,,
per_dave_green_492331,Dave Green,,
per_david_a_r_white_1ed8cf,David A. R. White,,
per_david_ayer_67855c,David Ayer,,
per_david_bautista_c4ad93,David Bautista,,
per_david_belle_43cde4,David Belle,,
per_david_bowers_d24d34,David Bowers,,
per_david_dobkin_2a6995,David Dobkin,,
per_david_f_sandberg_85e437,David F. Sandberg,,
per_david_fincher_70074d,David Fincher,,
per_david_fox_22b819,David Fox,,
per_david_frankel_d0afa1,David Frankel,,
per_david_gelb_4f51cd,David Gelb,,
per_david_gordon_green_421444,David Gordon Green,,
per_david_gyasi_ebcc32,David Gyasi,,
per_david_harbour_716aa8,David Harbour,,
per_david_henrie_9974ce,David Henrie,,
per_david_koechner_7a5216,David Koechner,,
per_david_koepp_222e4b,David Koepp,,
per_david_leitch_director_5df436,David Leitch (director,,
per_david_lowery_ec3998,David Lowery,,
per_david_m_rosenthal_9dfb4d,David M. Rosenthal,,
per_david_mazouz_de5ee0,David Mazouz,,
per_david_o_russell_d84815,David O. Russell,,
per_david_oyelowo_87bb3d,David Oyelowo,,
per_david_schwimmer_b2037f,David Schwimmer,,
per_david_siegel_eb2caa,David Siegel,,
per_david_soren_4f5b33,David Soren,,
per_david_spade_134312,David Spade,,
per_david_strathairn_041a0a,David Strathairn,,
per_david_tennant_daaa60,David Tennant,,
per_david_twohy_0ee242,David Twohy,,
per_david_wain_7178ba,David Wain,,
per_david_warshofsky_e7a0f4,David Warshofsky,,
per_david_yates_082a80,David Yates,,
per_dax_shepard_858d77,Dax Shepard,,
per_dayo_okeniyi_0fd500,Dayo Okeniyi,,
per_dean_deblois_a784bc,Dean DeBlois,,
per_dean_israelite_6b48ed,Dean Israelite,,
per_dean_norris_75150c,Dean Norris,,
per_dean_parisot_cb38da,Dean Parisot,,
per_deanna_dunagan_baea82,Deanna Dunagan,,
per_debbie_reynolds_15dba2,Debbie Reynolds,,
per_demian_bichir_73506b,Demian Bichir,,
per_deng_chao_8ab0c3,Deng Chao,,
per_denis_leary_6cbaac,Denis Leary,,
per_denis_villeneuve_a68740,Denis Villeneuve,,
per_deniz_gamze_erguven_c760d4,Deniz Gamze Ergüven,,
per_dennis_dugan_a96eb1,Dennis Dugan,,
per_dennis_gansel_ef00ec,Dennis Gansel,,
per_dennis_quaid_3ea3ff,Dennis Quaid,,
per_denzel_washington_c196ac,Denzel Washington,,
per_derek_cianfrance_e8dd0b,Derek Cianfrance,,
per_derek_magyar_da52ac,Derek Magyar,,
per_dermot_mulroney_236e13,Dermot Mulroney,,
per_dev_patel_0b6561,Dev Patel,,
per_devin_kelley_57d255,Devin Kelley,,
per_devon_bostick_21069a,Devon Bostick,,
per_dexter_fletcher_a02fb3,Dexter Fletcher,,
per_diana_hardcastle_962bd5,Diana Hardcastle,,
per_diane_keaton_2d44a1,Diane Keaton,,
per_diane_kruger_51fb96,Diane Kruger,,
per_diane_lane_f4e6e1,Diane Lane,,
per_dianna_agron_cd6ea4,Dianna Agron,,
per_diego_boneta_07b6e9,Diego Boneta,,
per_diego_luna_7a0d31,Diego Luna,,
per_diogo_morgado_3e5af0,Diogo Morgado,,
per_djimon_hounsou_bf5cd2,Djimon Hounsou,,
per_dolph_lundgren_4182ff,Dolph Lundgren,,
per_domhnall_gleeson_089b2e,Domhnall Gleeson,,
per_dominic_cooper_ac1bb1,Dominic Cooper,,
per_dominic_west_5a88e2,Dominic West,,
per_don_scardino_98a7f4,Don Scardino,,
per_donald_faison_825009,Donald Faison,,
per_donald_glover_cea923,Donald Glover,,
per_donald_sutherland_68814a,Donald Sutherland,,
per_doni_alamsyah_39de7c,Doni Alamsyah,,
per_doug_ellin_8a46d4,Doug Ellin,,
per_doug_liman_aa2760,Doug Liman,,
per_douglas_booth_f745b7,Douglas Booth,,
per_douglas_smith_a51af5,Douglas Smith,,
per_dougray_scott_65ad57,Dougray Scott,,
per_drew_barrymore_5e006b,Drew Barrymore,,
per_drew_dowdle_screenplay_perdita_weeks_e56b8d,Drew Dowdle (screenplay)Perdita Weeks,,
per_drew_goddard_982a2e,Drew Goddard,,
per_duncan_jones_6e121c,Duncan Jones,,
per_dustin_hoffman_617537,Dustin Hoffman,,
per_dustin_marcellino_f0f149,Dustin Marcellino,,
per_dwayne_johnson_d070a8,Dwayne Johnson,,
per_dwight_henry_6908af,Dwight Henry,,
per_dwight_yoakam_1ac663,Dwight Yoakam,,
per_dylan_mcdermott_7e8f72,Dylan McDermott,,
per_dylan_minnette_f0cdb0,Dylan Minnette,,
per_dylan_o_brien_f9384d,Dylan O'Brien,,
per_ed_gass_donnelly_6bdc22,Ed Gass-Donnelly,,
per_ed_harris_f8d378,Ed Harris,,
per_ed_helms_65b0e6,Ed Helms,,
per_ed_oxenbould_073442,Ed Oxenbould,,
per_ed_skrein_ff5610,Ed Skrein,,
per_ed_zwick_95b891,Ed Zwick,,
per_eddie_marsan_738171,Eddie Marsan,,
per_eddie_murphy_04e9ab,Eddie Murphy,,
per_eddie_redmayne_19562e,Eddie Redmayne,,
per_edgar_ramirez_dd662a,Edgar Ramirez,,
per_edgar_wright_ef4d64,Edgar Wright,,
per_edward_burns_3592f2,Edward Burns,,
per_edward_james_olmos_f263ba,Edward James Olmos,,
per_edward_norton_930577,Edward Norton,,
per_edwin_hodge_96ad29,Edwin Hodge,,
per_elaine_jin_3d4c6e,Elaine Jin,,
per_elena_kampouris_5366c8,Elena Kampouris,,
per_elijah_wood_ea1b9c,Elijah Wood,,
per_elisabeth_moss_c88ac4,Elisabeth Moss,,
per_elisabeth_shue_79c9be,Elisabeth Shue,,
per_elizabeth_banks_0d3a96,Elizabeth Banks,,
per_elizabeth_blackmore_8724bd,Elizabeth Blackmore,,
per_elizabeth_debicki_f2b46f,Elizabeth Debicki,,
per_elizabeth_olsen_825545,Elizabeth Olsen,,
per_ella_wahlestedt_7f89d6,Ella Wahlestedt,,
per_ellar_coltrane_2d305b,Ellar Coltrane,,
per_elle_fanning_07bfad,Elle Fanning,,
per_ellen_barkin_72fdea,Ellen Barkin,,
per_ellen_burstyn_88f61f,Ellen Burstyn,,
per_ellen_mclain_bd641d,Ellen McLain,,
per_ellen_page_a3747d,Ellen Page,,
per_elodie_yung_eb7e26,Elodie Yung,,
per_elsie_fisher_156a61,Elsie Fisher,,
per_emilia_clarke_5809bd,Emilia Clarke,,
per_emily_blunt_9b6dba,Emily Blunt,,
per_emily_browning_d7ab01,Emily Browning,,
per_emily_meade_943d66,Emily Meade,,
per_emily_watson_e2e435,Emily Watson,,
per_emjay_anthony_cf5ad7,Emjay Anthony,,
per_emma_fitzpatrick_2591e8,Emma Fitzpatrick,,
per_emma_fuhrmann_486555,Emma Fuhrmann,,
per_emma_roberts_26fcc8,Emma Roberts,,
per_emma_stone_19275c,Emma Stone,,
per_emma_thompson_8704eb,Emma Thompson,,
per_emma_watson_cde4b2,Emma Watson,,
per_emmy_rossum_387da3,Emmy Rossum,,
per_emory_cohen_eb430e,Emory Cohen,,
per_erec_bergen_0e0e34,Erec Bergen,,
per_eric_bana_0a51d7,Eric Bana,,
per_eric_darnell_66161a,Eric Darnell,,
per_eric_ladin_f867f9,Eric Ladin,,
per_eric_stonestreet_693fdb,Eric Stonestreet,,
per_ericson_core_6366ec,Ericson Core,,
per_erin_moriarty_836821,Erin Moriarty,,
per_ernie_hudson_f0a2c4,Ernie Hudson,,
per_essence_atkins_dc6f7e,Essence Atkins,,
per_etan_cohen_76d055,Etan Cohen,,
per_ethan_hawke_a652c4,Ethan Hawke,,
per_eugene_levy_1b21d7,Eugene Levy,,
per_eva_green_a3e34c,Eva Green,,
per_eva_mendes_6c097e,Eva Mendes,,
per_evan_goldberg_4daf75,Evan Goldberg,,
per_evan_helmuth_e8fe81,Evan Helmuth,,
per_evan_ross_5287ff,Evan Ross,,
per_evangeline_lilly_14f576,Evangeline Lilly,,
per_eve_a80aeb,Eve,,
per_ewan_mcgregor_ad0209,Ewan McGregor,,
per_f_gary_gray_54ff40,F. Gary Gray,,
per_f_murray_abraham_1ab2fe,F. Murray Abraham,,
per_famke_janssen_8cf068,Famke Janssen,,
per_fede_alvarez_4a7a19,Fede Alvarez,,
per_felicity_jones_4361c8,Felicity Jones,,
per_fergal_reilly_5d94c4,Fergal Reilly,,
per_fergus_riordan_87c97b,Fergus Riordan,,
per_fernanda_andrade_e4d060,Fernanda Andrade,,
per_finn_wittrock_e029cf,Finn Wittrock,,
per_forest_whitaker_7dd0fa,Forest Whitaker,,
per_fran_drescher_cc69c9,Fran Drescher,,
per_frances_mcdormand_d7afc7,Frances McDormand,,
per_frances_de_la_tour_b21d98,Frances de la Tour,,
per_francis_capra_6a5004,Francis Capra,,
per_francis_lawrence_dc30e1,Francis Lawrence,,
per_frank_coraci_87cd70,Frank Coraci,,
per_frank_grillo_ef873d,Frank Grillo,,
per_frank_langella_0b1082,Frank Langella,,
per_frank_miller_697421,Frank Miller,,
per_francois_civil_d4dba3,François Civil,,
per_fred_thompson_55c571,Fred Thompson,,
per_gabriel_bateman_69f55e,Gabriel Bateman,,
per_gabriel_iglesias_941dff,Gabriel Iglesias,,
per_gabriella_wright_c12f1c,Gabriella Wright,,
per_gabrielle_union_c6939a,Gabrielle Union,,
per_gaby_hoffmann_2e2f8a,Gaby Hoffmann,,
per_gaia_weiss_d33b6b,Gaia Weiss,,
per_gal_gadot_a8e11c,Gal Gadot,,
per_galen_t_chu_d4eb2d,Galen T. Chu,,
per_gareth_edwards_ee7f3b,Gareth Edwards,,
per_gareth_evans_c2aa81,Gareth Evans,,
per_garrett_hedlund_69940c,Garrett Hedlund,,
per_garry_marshall_3d9aa4,Garry Marshall,,
per_gary_oldman_17e66e,Gary Oldman,,
per_gary_ross_bcf1b9,Gary Ross,,
per_gary_rydstrom_412b8a,Gary Rydstrom,,
per_gary_shore_d5db9c,Gary Shore,,
per_gavin_free_24da15,Gavin Free,,
per_gavin_hood_e31ee5,Gavin Hood,,
per_gavin_o_connor_fb006f,Gavin O'Connor,,
per_gemma_arterton_7df61a,Gemma Arterton,,
per_genevieve_angelson_b6f90b,Genevieve Angelson,,
per_genndy_tartakovsky_62e9b9,Genndy Tartakovsky,,
per_geoffrey_rush_dcb508,Geoffrey Rush,,
per_george_clooney_912f85,George Clooney,,
per_george_miller_cb7cc5,George Miller,,
per_gerard_butler_a000ce,Gerard Butler,,
per_ghaz_abu_bakar_74a067,Ghaz Abu Bakar,,
per_gil_kenan_f50f92,Gil Kenan,,
per_gina_carano_91654d,Gina Carano,,
per_gina_prince_bythewood_7978cc,Gina Prince-Bythewood,,
per_giovanni_ribisi_bbdcb7,Giovanni Ribisi,,
per_glenn_berger_screenplay_ea734c,Glenn Berger(screenplay),,
per_glenn_ficarra_5ae8fd,Glenn Ficarra,,
per_gotz_otto_b6adb4,Gotz Otto,,
per_grace_gummer_4b68e0,Grace Gummer,,
per_graham_annable_b54138,Graham Annable,,
per_graham_mctavish_7db82a,Graham McTavish,,
per_greg_kinnear_133559,Greg Kinnear,,
per_greg_mclean_c427f4,Greg McLean,,
per_gregory_plotkin_990e26,Gregory Plotkin,,
per_greta_gerwig_5300b0,Greta Gerwig,,
per_grigoriy_dobrygin_9b1214,Grigoriy Dobrygin,,
per_grimur_hakonarson_9dc91d,Grímur Hákonarson,,
per_gugu_mbatha_raw_3b2b5e,Gugu Mbatha-Raw,,
per_guillermo_del_toro_f748d6,Guillermo del Toro,,
per_gus_van_sant_aa9f51,Gus Van Sant,,
per_guy_pearce_df0f35,Guy Pearce,,
per_guy_ritchie_75fe4d,Guy Ritchie,,
per_genesis_rodriguez_eb0b02,Génesis Rodríguez,,
per_gerard_depardieu_2a51dc,Gérard Depardieu,,
per_geza_rohrig_5e8a20,Géza Röhrig,,
per_gunes_sensoy_eaabb6,Güneş Şensoy,,
per_hadley_belle_miller_f0c52f,Hadley Belle Miller,,
per_hailee_steinfeld_91ee42,Hailee Steinfeld,,
per_hal_holbrook_9738c1,Hal Holbrook,,
per_hal_yamanouchi_b0ad23,Hal Yamanouchi,,
per_haley_joel_osment_a6f27a,Haley Joel Osment,,
per_halle_berry_f57d6c,Halle Berry,,
per_hamish_linklater_e3ba61,Hamish Linklater,,
per_hank_azaria_0cd2b3,Hank Azaria,,
per_hannah_ware_417f77,Hannah Ware,,
per_hannibal_buress_b41c6b,Hannibal Buress,,
per_hans_matheson_b16c36,Hans Matheson,,
per_harald_zwart_632e15,Harald Zwart,,
per_harold_cronk_d3e448,Harold Cronk,,
per_harrison_ford_462172,Harrison Ford,,
per_harry_connick_c5cd8e,Harry Connick,,
per_harry_styles_6717d2,Harry Styles,,
per_hayden_christensen_a0228a,Hayden Christensen,,
per_hayley_kiyoko_844862,Hayley Kiyoko,,
per_helen_mccrory_b355b4,Helen McCrory,,
per_helen_mirren_13a733,Helen Mirren,,
per_helena_bonham_carter_ff7cd9,Helena Bonham Carter,,
per_henry_cavill_6852c3,Henry Cavill,,
per_henry_joost_92358f,Henry Joost,,
per_henry_simmons_b9e2a9,Henry Simmons,,
per_henry_winkler_974caa,Henry Winkler,,
per_hiroyuki_sanada_2d8ea3,Hiroyuki Sanada,,
per_holly_hunter_2ef048,Holly Hunter,,
per_hope_1b5a4a,Hope,,
per_hugh_grant_0d61c0,Hugh Grant,,
per_hugh_jackman_369e00,Hugh Jackman,,
per_hugh_keays_byrne_aaaee1,Hugh Keays-Byrne,,
per_ian_gomez_63fb59,Ian Gomez,,
per_ian_mckellen_d2807d,Ian McKellen,,
per_ian_mcshane_09dc2b,Ian McShane,,
per_ice_cube_f11093,Ice Cube,,
per_idris_elba_c49e5e,Idris Elba,,
per_iko_uwais_deffdb,Iko Uwais,,
per_imelda_staunton_b82e44,Imelda Staunton,,
per_imogen_poots_049548,Imogen Poots,,
per_irrfan_khan_336fd0,Irrfan Khan,,
per_isaac_hempstead_wright_79fb19,Isaac Hempstead-Wright,,
per_isabelle_fuhrman_7e1b86,Isabelle Fuhrman,,
per_isla_fisher_8d60f4,Isla Fisher,,
per_israel_broussard_22bdda,Israel Broussard,,
per_ivan_reitman_0257c9,Ivan Reitman,,
per_j_blakeson_2b1249,J Blakeson,,
per_j_b_blanc_af30b9,J. B. Blanc,,
per_j_c_chandor_3ee429,J. C. Chandor,,
per_j_k_simmons_084bc3,J. K. Simmons,,
per_j_k_simmons_919f50,J.K. Simmons,,
per_jack_black_566f4c,Jack Black,,
per_jack_huston_b20399,Jack Huston,,
per_jack_o_connell_63a57a,Jack O'Connell,,
per_jacki_weaver_b14f2f,Jacki Weaver,,
per_jackie_chan_a82312,Jackie Chan,,
per_jackie_earle_haley_7bf6bb,Jackie Earle Haley,,
per_jacob_tremblay_990797,Jacob Tremblay,,
per_jacob_vargas_592a71,Jacob Vargas,,
per_jacob_wysocki_d56642,Jacob Wysocki,,
per_jada_pinkett_smith_035f46,Jada Pinkett Smith,,
per_jaden_smith_7aad6b,Jaden Smith,,
per_jai_courtney_be875b,Jai Courtney,,
per_jaime_pressly_387be9,Jaime Pressly,,
per_jaimie_alexander_34f7d8,Jaimie Alexander,,
per_jake_abel_19699d,Jake Abel,,
per_jake_gyllenhaal_42e757,Jake Gyllenhaal,,
per_jake_johnson_b64b7e,Jake Johnson,,
per_jake_lacy_d8b123,Jake Lacy,,
per_jake_schreier_98e074,Jake Schreier,,
per_jakob_salvati_e3ece4,Jakob Salvati,,
per_james_arnold_taylor_166905,James Arnold Taylor,,
per_james_badge_dale_25bafc,James Badge Dale,,
per_james_brolin_d206f2,James Brolin,,
per_james_caan_007b4c,James Caan,,
per_james_demonaco_616bbf,James DeMonaco,,
per_james_franco_35c158,James Franco,,
per_james_gandolfini_7dbf7f,James Gandolfini,,
per_james_lee_guy_e87dbb,James Lee Guy,,
per_james_mangold_a28262,James Mangold,,
per_james_marsden_9cf30c,James Marsden,,
per_james_marsh_e6a2d2,James Marsh,,
per_james_maslow_062680,James Maslow,,
per_james_mather_5ab580,James Mather,,
per_james_mcavoy_451741,James McAvoy,,
per_james_mcteigue_0897ee,James McTeigue,,
per_james_ponsoldt_fc3a00,James Ponsoldt,,
per_james_ransone_3ed823,James Ransone,,
per_james_tolkan_ccf522,James Tolkan,,
per_james_vanderbilt_a2e35a,James Vanderbilt,,
per_james_wan_0f585e,James Wan,,
per_james_watkins_642f87,James Watkins,,
per_james_woods_fd72b5,James Woods,,
per_jamie_bell_b0f309,Jamie Bell,,
per_jamie_blackley_8949a1,Jamie Blackley,,
per_jamie_campbell_bower_1db959,Jamie Campbell Bower,,
per_jamie_chung_86a9c4,Jamie Chung,,
per_jamie_dornan_7d1d2e,Jamie Dornan,,
per_jamie_foxx_22a37b,Jamie Foxx,,
per_jamie_kennedy_df991b,Jamie Kennedy,,
per_jan_bijvoet_5ce100,Jan Bijvoet,,
per_jane_fonda_92348d,Jane Fonda,,
per_jane_levy_fcc9da,Jane Levy,,
per_jane_lynch_986e12,Jane Lynch,,
per_janet_mcteer_7cb3ff,Janet McTeer,,
per_janis_winehouse_a01a9b,Janis Winehouse,,
per_jared_gilman_e7bcdf,Jared Gilman,,
per_jared_harris_901b14,Jared Harris,,
per_jared_leto_44b488,Jared Leto,,
per_jason_bateman_cb8c27,Jason Bateman,,
per_jason_biggs_740d79,Jason Biggs,,
per_jason_clarke_13dd8c,Jason Clarke,,
per_jason_dohring_a7958f,Jason Dohring,,
per_jason_lee_69db40,Jason Lee,,
per_jason_mitchell_90fb8c,Jason Mitchell,,
per_jason_moore_2c4f83,Jason Moore,,
per_jason_o_mara_ba9042,Jason O'Mara,,
per_jason_segel_6033fe,Jason Segel,,
per_jason_statham_937378,Jason Statham,,
per_jason_sudeikis_66ff40,Jason Sudeikis,,
per_jason_zada_813d07,Jason Zada,,
per_jaume_collet_serra_2a5f39,Jaume Collet-Serra,,
per_javier_bardem_2412e3,Javier Bardem,,
per_jay_baruchel_59ec4d,Jay Baruchel,,
per_jay_duplass_a039e5,Jay Duplass,,
per_jay_r_ferguson_14195f,Jay R. Ferguson,,
per_jay_roach_067f72,Jay Roach,,
per_jayma_mays_9ac792,Jayma Mays,,
per_jean_dujardin_19f9cc,Jean Dujardin,,
per_jean_reno_256af0,Jean Reno,,
per_jean_marc_vallee_4a21b5,Jean-Marc Vallée,,
per_jeff_bridges_5cd58e,Jeff Bridges,,
per_jeff_daniels_5d2e21,Jeff Daniels,,
per_jeff_goldblum_0afcf6,Jeff Goldblum,,
per_jeff_newitt_c5a399,Jeff Newitt,,
per_jeff_nichols_a2eec7,Jeff Nichols,,
per_jeffrey_dean_morgan_82c2f9,Jeffrey Dean Morgan,,
per_jemaine_clement_49b7ed,Jemaine Clement,,
per_jemima_west_122a58,Jemima West,,
per_jenna_coleman_7a364d,Jenna Coleman,,
per_jennifer_aniston_b22381,Jennifer Aniston,,
per_jennifer_connelly_fba410,Jennifer Connelly,,
per_jennifer_garner_a39ea5,Jennifer Garner,,
per_jennifer_jason_leigh_68529e,Jennifer Jason Leigh,,
per_jennifer_lawrence_30ed76,Jennifer Lawrence,,
per_jennifer_lopez_2cd7e1,Jennifer Lopez,,
per_jennifer_westfeldt_573085,Jennifer Westfeldt,,
per_jennifer_yuh_nelson_7359e3,Jennifer Yuh Nelson,,
per_jeremy_garelick_753bd9,Jeremy Garelick,,
per_jeremy_howard_083a58,Jeremy Howard,,
per_jeremy_irons_902f56,Jeremy Irons,,
per_jeremy_irvine_928214,Jeremy Irvine,,
per_jeremy_piven_a6eee0,Jeremy Piven,,
per_jeremy_renner_f71581,Jeremy Renner,,
per_jeremy_sumpter_606e7f,Jeremy Sumpter,,
per_jerrica_cleland_4a0c90,Jerrica Cleland,,
per_jerry_ferrara_2da332,Jerry Ferrara,,
per_jerry_jameson_fef12f,Jerry Jameson,,
per_jesse_eisenberg_5ff2ea,Jesse Eisenberg,,
per_jesse_mccartney_47cc21,Jesse McCartney,,
per_jesse_plemons_f7358d,Jesse Plemons,,
per_jesse_williams_eac86f,Jesse Williams,,
per_jessica_alba_fa2703,Jessica Alba,,
per_jessica_biel_29b920,Jessica Biel,,
per_jessica_brown_findlay_9f130f,Jessica Brown Findlay,,
per_jessica_chastain_109efb,Jessica Chastain,,
per_jessica_lucas_6910c8,Jessica Lucas,,
per_jessica_oyelowo_6d4958,Jessica Oyelowo,,
per_jessica_szohr_b3b462,Jessica Szohr,,
per_jessie_nelson_7ee015,Jessie Nelson,,
per_jiang_wu_1df200,Jiang Wu,,
per_jill_scott_7f3f7d,Jill Scott,,
per_jim_beaver_68e548,Jim Beaver,,
per_jim_broadbent_efb166,Jim Broadbent,,
per_jim_carrey_d7c514,Jim Carrey,,
per_jim_caviezel_43f693,Jim Caviezel,,
per_jim_gaffigan_09613a,Jim Gaffigan,,
per_jim_norton_0f88f4,Jim Norton,,
per_jim_parsons_ee8264,Jim Parsons,,
per_jim_rash_88f081,Jim Rash,,
per_jim_sturgess_19c4ca,Jim Sturgess,,
per_jing_boran_ae30a1,Jing Boran,,
per_joan_allen_6ee54e,Joan Allen,,
per_joanna_vanderham_3b7df6,Joanna Vanderham,,
per_joaquin_phoenix_f829e1,Joaquin Phoenix,,
per_jodie_foster_627193,Jodie Foster,,
per_joe_carnahan_aa599b,Joe Carnahan,,
per_joe_manganiello_64c7c8,Joe Manganiello,,
per_joe_pantoliano_0de3fd,Joe Pantoliano,,
per_joe_rogan_f1a1cd,Joe Rogan,,
per_joe_russo_ee8ace,Joe Russo,,
per_joe_swanberg_b9d9e3,Joe Swanberg,,
per_joe_taslim_4d3773,Joe Taslim,,
per_joe_wright_77c240,Joe Wright,,
per_joel_edgerton_1e419f,Joel Edgerton,,
per_joel_kinnaman_d02d3f,Joel Kinnaman,,
per_joel_mchale_f6ead4,Joel McHale,,
per_joel_and_ethan_coen_312c60,Joel and Ethan Coen,,
per_john_c_reilly_58a848,John C. Reilly,,
per_john_carroll_lynch_96543f,John Carroll Lynch,,
per_john_cena_c433ab,John Cena,,
per_john_cho_2af2bf,John Cho,,
per_john_corbett_362271,John Corbett,,
per_john_crowley_2b0d2d,John Crowley,,
per_john_cusack_957638,John Cusack,,
per_john_erick_dowdle_f90b01,John Erick Dowdle,,
per_john_francis_daley_33bb74,John Francis Daley,,
per_john_gallagher_5f01c8,John Gallagher,,
per_john_goodman_0f048e,John Goodman,,
per_john_hillcoat_fbef07,John Hillcoat,,
per_john_krasinski_d7a307,John Krasinski,,
per_john_leguizamo_34ec05,John Leguizamo,,
per_john_lloyd_young_265bb8,John Lloyd Young,,
per_john_luessenhop_71c63b,John Luessenhop,,
per_john_madden_b76e63,John Madden,,
per_john_malkovich_c4609d,John Malkovich,,
per_john_moore_6b7f2d,John Moore,,
per_john_morris_04c8bf,John Morris,,
per_john_ortiz_faeaae,John Ortiz,,
per_john_patrick_amedori_fb4223,John Patrick Amedori,,
per_john_r_leonetti_115d6d,John R. Leonetti,,
per_john_requa_5e39ec,John Requa,,
per_john_rhys_davies_e9fa76,John Rhys-Davies,,
per_john_slattery_70de2e,John Slattery,,
per_john_sparkes_597b22,John Sparkes,,
per_john_travolta_92f53e,John Travolta,,
per_john_wells_97629b,John Wells,,
per_johnny_depp_c91629,Johnny Depp,,
per_johnny_knoxville_6efafb,Johnny Knoxville,,
per_johnny_simmons_a63954,Johnny Simmons,,
per_jon_bernthal_f703db,Jon Bernthal,,
per_jon_chu_505f99,Jon Chu,,
per_jon_favreau_de45f6,Jon Favreau,,
per_jon_hamm_a7c347,Jon Hamm,,
per_jon_hurwitz_2bb7a9,Jon Hurwitz,,
per_jon_lucas_792f2f,Jon Lucas,,
per_jon_m_chu_374c7c,Jon M. Chu,,
per_jon_voight_807dad,Jon Voight,,
per_jonah_hill_e4e6f0,Jonah Hill,,
per_jonathan_aibel_2e5f47,Jonathan Aibel,,
per_jonathan_daniel_brown_49e4e1,Jonathan Daniel Brown,,
per_jonathan_demme_250195,Jonathan Demme,,
per_jonathan_goldstein_2e4c23,Jonathan Goldstein,,
per_jonathan_jakubowicz_cdaa1e,Jonathan Jakubowicz,,
per_jonathan_levine_7a09b8,Jonathan Levine,,
per_jonathan_liebesman_9ea056,Jonathan Liebesman,,
per_jonathan_sadowski_7bf019,Jonathan Sadowski,,
per_jonny_weston_960460,Jonny Weston,,
per_jordan_peele_da56a7,Jordan Peele,,
per_jordana_brewster_42edd0,Jordana Brewster,,
per_jordin_sparks_0b2412,Jordin Sparks,,
per_jorge_r_gutierrez_8da6bb,Jorge R. Gutierrez,,
per_jorma_taccone_52116b,Jorma Taccone,,
per_joseph_fiennes_476a8c,Joseph Fiennes,,
per_joseph_gordon_levitt_36c981,Joseph Gordon-Levitt,,
per_joseph_julian_soria_230566,Joseph Julian Soria,,
per_joseph_kosinski_6f2ac2,Joseph Kosinski,,
per_josh_boone_9fc96c,Josh Boone,,
per_josh_brolin_23e2c3,Josh Brolin,,
per_josh_gad_e9f409,Josh Gad,,
per_josh_green_9d36f2,Josh Green,,
per_josh_hamilton_3f444d,Josh Hamilton,,
per_josh_holloway_dcb9db,Josh Holloway,,
per_josh_hutcherson_ddfcc3,Josh Hutcherson,,
per_josh_peck_d79bf5,Josh Peck,,
per_josh_schwartz_4b56bb,Josh Schwartz,,
per_josh_stewart_043349,Josh Stewart,,
per_josh_trank_b47894,Josh Trank,,
per_josh_wiggins_cf4de4,Josh Wiggins,,
per_joshua_michael_stern_5d5b44,Joshua Michael Stern,,
per_jose_padilha_d4b374,José Padilha,,
per_jr_27d4b6,Jr.,,
per_juan_antonio_bayona_c851cc,Juan Antonio Bayona,,
per_judd_lormand_69d758,Judd Lormand,,
per_jude_law_fcf3a9,Jude Law,,
per_judi_dench_45aefe,Judi Dench,,
per_judy_greer_8b59ca,Judy Greer,,
per_julia_dietze_0eaf5d,Julia Dietze,,
per_julia_louis_dreyfus_ad6747,Julia Louis-Dreyfus,,
per_julia_ormond_46494d,Julia Ormond,,
per_julia_roberts_8f5b3b,Julia Roberts,,
per_julia_stiles_c5c682,Julia Stiles,,
per_julianne_hough_b1f951,Julianne Hough,,
per_julianne_moore_fe541e,Julianne Moore,,
per_julie_anne_robinson_12345b,Julie Anne Robinson,,
per_julie_estelle_e8fdf6,Julie Estelle,,
per_julie_walters_505112,Julie Walters,,
per_juliet_rylance_e7a390,Juliet Rylance,,
per_juliet_stevenson_9f86ab,Juliet Stevenson,,
per_juliette_binoche_9ccb4d,Juliette Binoche,,
per_juliette_lewis_348141,Juliette Lewis,,
per_justin_bartha_bcdebd,Justin Bartha,,
per_justin_fletcher_d5b749,Justin Fletcher,,
per_justin_lin_3d6408,Justin Lin,,
per_justin_long_07645e,Justin Long,,
per_justin_theroux_37c100,Justin Theroux,,
per_justin_timberlake_5d7cf1,Justin Timberlake,,
per_kaitlin_olson_659aae,Kaitlin Olson,,
per_kaitlyn_dever_d67c8e,Kaitlyn Dever,,
per_kaley_cuoco_57895b,Kaley Cuoco,,
per_kara_hayward_5010c3,Kara Hayward,,
per_karen_abercrombie_0a0144,Karen Abercrombie,,
per_karen_allen_6c5b7b,Karen Allen,,
per_karl_urban_7a6825,Karl Urban,,
per_kate_beckinsale_f63b03,Kate Beckinsale,,
per_kate_bosworth_d17f5f,Kate Bosworth,,
per_kate_dickie_79a170,Kate Dickie,,
per_kate_hudson_cc2cc3,Kate Hudson,,
per_kate_mara_001b86,Kate Mara,,
per_kate_mckinnon_3a020c,Kate McKinnon,,
per_kate_upton_d658c2,Kate Upton,,
per_kate_winslet_8ef36d,Kate Winslet,,
per_katee_sackhoff_8087de,Katee Sackhoff,,
per_katherine_heigl_ea50c9,Katherine Heigl,,
per_katherine_lanasa_91d98b,Katherine LaNasa,,
per_katherine_waterston_f6dca6,Katherine Waterston,,
per_kathleen_robertson_3592df,Kathleen Robertson,,
per_kathleen_turner_7188b7,Kathleen Turner,,
per_kathryn_bigelow_0a6763,Kathryn Bigelow,,
per_kathryn_hahn_d06905,Kathryn Hahn,,
per_kathryn_newton_92134a,Kathryn Newton,,
per_katie_chang_344b61,Katie Chang,,
per_katie_featherston_398db1,Katie Featherston,,
per_katie_holmes_752d92,Katie Holmes,,
per_kaya_scodelario_1553b3,Kaya Scodelario,,
per_keanu_reeves_cd7fc1,Keanu Reeves,,
per_keegan_michael_key_c02ba7,Keegan-Michael Key,,
per_keira_knightley_b0b213,Keira Knightley,,
per_keith_carradine_fd8ec7,Keith Carradine,,
per_kellan_lutz_fb1a38,Kellan Lutz,,
per_kelly_mcgillis_1d98ae,Kelly McGillis,,
per_kelly_reilly_810200,Kelly Reilly,,
per_ken_jeong_434af3,Ken Jeong,,
per_ken_kwapis_44d747,Ken Kwapis,,
per_ken_marino_7b75b8,Ken Marino,,
per_ken_scott_50ee9e,Ken Scott,,
per_ken_watanabe_d3daf9,Ken Watanabe,,
per_kenneth_branagh_d227cb,Kenneth Branagh,,
per_keri_russell_135894,Keri Russell,,
per_kerry_washington_323283,Kerry Washington,,
per_kevin_bacon_682b53,Kevin Bacon,,
per_kevin_connolly_46dc0f,Kevin Connolly,,
per_kevin_conroy_e22405,Kevin Conroy,,
per_kevin_costner_a4038e,Kevin Costner,,
per_kevin_dillon_c4e37a,Kevin Dillon,,
per_kevin_durand_8d24e2,Kevin Durand,,
per_kevin_hart_be7d7a,Kevin Hart,,
per_kevin_james_80a3ab,Kevin James,,
per_kevin_kline_59db50,Kevin Kline,,
per_kevin_munroe_ad8153,Kevin Munroe,,
per_kevin_reynolds_c20697,Kevin Reynolds,,
per_kevin_smith_a067c5,Kevin Smith,,
per_kevin_sorbo_c92380,Kevin Sorbo,,
per_kevin_spacey_b9a6cf,Kevin Spacey,,
per_ki_hong_lee_ff19b2,Ki Hong Lee,,
per_kiefer_sutherland_efbb51,Kiefer Sutherland,,
per_kim_dickens_64d519,Kim Dickens,,
per_kim_ji_woon_40ad41,Kim Ji-woon,,
per_kimberly_quinn_ca3512,Kimberly Quinn,,
per_kimberly_williams_paisley_073d5a,Kimberly Williams-Paisley,,
per_kimiko_glenn_ca9645,Kimiko Glenn,,
per_kirby_bliss_blanton_fa18cc,Kirby Bliss Blanton,,
per_kirk_demicco_131378,Kirk DeMicco,,
per_kirk_jones_f2f57e,Kirk Jones,,
per_kirsten_dunst_0b52ab,Kirsten Dunst,,
per_kit_harington_a53dea,Kit Harington,,
per_kodi_smit_mcphee_dbf793,Kodi Smit-McPhee,,
per_korie_robertson_e39bd4,Korie Robertson,,
per_kris_pearn_7ef200,Kris Pearn,,
per_kris_wu_a6a029,Kris Wu,,
per_kristen_bell_b2e2ff,Kristen Bell,,
per_kristen_connolly_450383,Kristen Connolly,,
per_kristen_schaal_bc8f82,Kristen Schaal,,
per_kristen_stewart_3da488,Kristen Stewart,,
per_kristen_wiig_a22e6e,Kristen Wiig,,
per_kristin_chenoweth_058d76,Kristin Chenoweth,,
per_kristin_scott_thomas_4a8b6c,Kristin Scott Thomas,,
per_krysten_ritter_4e4733,Krysten Ritter,,
per_kurt_russell_c426d9,Kurt Russell,,
per_kyle_catlett_039667,Kyle Catlett,,
per_kyle_chandler_1873bd,Kyle Chandler,,
per_kyle_secor_3fecbc,Kyle Secor,,
per_kyra_sedgwick_047577,Kyra Sedgwick,,
per_lake_bell_20dca7,Lake Bell,,
per_larry_charles_db261e,Larry Charles,,
per_larry_david_5f873b,Larry David,,
per_lasse_hallstrom_da35a6,Lasse Hallström,,
per_laura_dern_b67c75,Laura Dern,,
per_laura_linney_271ccb,Laura Linney,,
per_lauren_cohan_921b51,Lauren Cohan,,
per_lauren_graham_890509,Lauren Graham,,
per_lauren_lee_smith_d28482,Lauren Lee Smith,,
per_laurence_fishburne_2bc194,Laurence Fishburne,,
per_laurie_holden_c4455e,Laurie Holden,,
per_laz_alonso_d3465c,Laz Alonso,,
per_lee_daniels_91005b,Lee Daniels,,
per_lee_nicholas_harris_4a07cd,Lee Nicholas Harris,,
per_lee_toland_krieger_4cae71,Lee Toland Krieger,,
per_leigh_whannell_b74eea,Leigh Whannell,,
per_len_wiseman_1e4790,Len Wiseman,,
per_lena_headey_b46887,Lena Headey,,
per_lennie_james_418432,Lennie James,,
per_lenny_abrahamson_923d5b,Lenny Abrahamson,,
per_leonardo_dicaprio_47a920,Leonardo DiCaprio,,
per_leonor_varela_b65dfe,Leonor Varela,,
per_lesley_manville_060544,Lesley Manville,,
per_leslie_jones_4f7fb5,Leslie Jones,,
per_leslie_mann_325edb,Leslie Mann,,
per_levan_gabriadze_c56464,Levan Gabriadze,,
per_levi_miller_9f90b4,Levi Miller,,
per_li_bingbing_4a156b,Li Bingbing,,
per_liam_cunningham_93d0fb,Liam Cunningham,,
per_liam_garrigan_083e98,Liam Garrigan,,
per_liam_hemsworth_089b85,Liam Hemsworth,,
per_liam_neeson_dc6bad,Liam Neeson,,
per_liam_payne_cd8901,Liam Payne,,
per_liana_liberato_4f4952,Liana Liberato,,
per_liev_schreiber_848928,Liev Schreiber,,
per_lili_taylor_46c935,Lili Taylor,,
per_lily_collins_83c717,Lily Collins,,
per_lily_james_306df3,Lily James,,
per_lily_rabe_1b49c4,Lily Rabe,,
per_lin_shaye_0dc1c6,Lin Shaye,,
per_lin_yun_dce9ac,Lin Yun,,
per_linda_cardellini_487ae6,Linda Cardellini,,
per_lindsay_lohan_a20c45,Lindsay Lohan,,
per_lindsey_shaw_9957a8,Lindsey Shaw,,
per_liv_tyler_9c2349,Liv Tyler,,
per_liz_white_d99cea,Liz White,,
per_lizzy_caplan_d44a63,Lizzy Caplan,,
per_loan_chabanol_666e49,Loan Chabanol,,
per_logan_lerman_6d117c,Logan Lerman,,
per_lou_diamond_phillips_695afd,Lou Diamond Phillips,,
per_lou_taylor_pucci_ba6a29,Lou Taylor Pucci,,
per_louis_c_k_8876fd,Louis C.K.,,
per_louis_herthum_e3e2f5,Louis Herthum,,
per_louis_leterrier_bc8f81,Louis Leterrier,,
per_louis_tomlinson_ab770f,Louis Tomlinson,,
per_luc_besson_a116f8,Luc Besson,,
per_lucy_fry_992f90,Lucy Fry,,
per_lucy_liu_43dd4f,Lucy Liu,,
per_luis_guzman_533267,Luis Guzmán,,
per_lukas_haas_64009b,Lukas Haas,,
per_luke_bracey_433fbf,Luke Bracey,,
per_luke_evans_efcf14,Luke Evans,,
per_luke_greenfield_72a9c7,Luke Greenfield,,
per_luke_grimes_3fbc58,Luke Grimes,,
per_lupita_nyong_o_10da72,Lupita Nyong'o,,
per_laszlo_nemes_afeb4e,László Nemes,,
per_m_night_shyamalan_04241c,M. Night Shyamalan,,
per_mabrouk_el_mechri_976435,Mabrouk El Mechri,,
per_mackenzie_foy_abe9a3,Mackenzie Foy,,
per_mae_whitman_29541a,Mae Whitman,,
per_maggie_grace_b147fa,Maggie Grace,,
per_maggie_gyllenhaal_200ffc,Maggie Gyllenhaal,,
per_maggie_smith_3b1268,Maggie Smith,,
per_mahershala_ali_8fbb49,Mahershala Ali,,
per_maika_monroe_6740ef,Maika Monroe,,
per_malcolm_d_lee_a42974,Malcolm D. Lee,,
per_malin_akerman_16eac3,Malin Akerman,,
per_malina_weissman_e30cb3,Malina Weissman,,
per_mamie_gummer_7dc69e,Mamie Gummer,,
per_mandy_patinkin_b9967f,Mandy Patinkin,,
per_manish_dayal_f1e9d3,Manish Dayal,,
per_marc_abraham_33e750,Marc Abraham ,,
per_marc_forster_1ff676,Marc Forster,,
per_marc_webb_22e11a,Marc Webb,,
per_marcia_gay_harden_3aff87,Marcia Gay Harden,,
per_marcus_dunstan_3fd178,Marcus Dunstan,,
per_margot_robbie_6ea42c,Margot Robbie,,
per_mari_koda_75adb4,Mari Koda,,
per_marion_lambert_4f8e83,Marion Lambert,,
per_marisa_tomei_48b2c8,Marisa Tomei,,
per_mark_burton_13884a,Mark Burton,,
per_mark_duplass_70c450,Mark Duplass,,
per_mark_hamill_741271,Mark Hamill,,
per_mark_neveldine_654236,Mark Neveldine,,
per_mark_ruffalo_743591,Mark Ruffalo,,
per_mark_rylance_101d60,Mark Rylance,,
per_mark_strong_c65036,Mark Strong,,
per_mark_wahlberg_586641,Mark Wahlberg,,
per_mark_waters_2fd176,Mark Waters,,
per_marlon_wayans_020bd7,Marlon Wayans,,
per_martin_freeman_853704,Martin Freeman,,
per_martin_henderson_a6f703,Martin Henderson,,
per_martin_sheen_0d4c74,Martin Sheen,,
per_marton_csokas_1682e6,Marton Csokas,,
per_mary_birdsong_0c283f,Mary Birdsong,,
per_mary_elizabeth_winstead_c0aac2,Mary Elizabeth Winstead,,
per_mary_louise_parker_6c494d,Mary-Louise Parker,,
per_mathieu_amalric_306497,Mathieu Amalric,,
per_matt_bettinelli_olpin_ce02e2,Matt Bettinelli-Olpin,,
per_matt_damon_d90585,Matt Damon,,
per_matt_hullum_198607,Matt Hullum,,
per_matt_jones_342d18,Matt Jones,,
per_matt_reeves_018a59,Matt Reeves,,
per_matt_smith_5c4abd,Matt Smith,,
per_matt_walsh_4a5150,Matt Walsh,,
per_matthew_diamond_de91ea,Matthew Diamond,,
per_matthew_fox_b43278,Matthew Fox,,
per_matthew_goode_fb6730,Matthew Goode,,
per_matthew_lillard_a80777,Matthew Lillard,,
per_matthew_mcconaughey_6d4504,Matthew McConaughey,,
per_matthew_nable_5f5fbe,Matthew Nable,,
per_matthew_vaughn_5a3f31,Matthew Vaughn,,
per_matthias_schoenaerts_189f4e,Matthias Schoenaerts,,
per_max_burkholder_214967,Max Burkholder,,
per_max_charles_3028e3,Max Charles,,
per_max_irons_81c7cd,Max Irons,,
per_max_martini_f6c593,Max Martini,,
per_max_von_sydow_54a7a5,Max von Sydow,,
per_maya_rudolph_aa6398,Maya Rudolph,,
per_mcg_0ccc0c,McG,,
per_meagan_good_a5992e,Meagan Good,,
per_megan_fox_42ed81,Megan Fox,,
per_megumi_ohara_5966be,Megumi Ohara,,
per_mel_gibson_5c9a04,Mel Gibson,,
per_melissa_benoist_6ee362,Melissa Benoist,,
per_melissa_joan_hart_cf6a54,Melissa Joan Hart,,
per_melissa_leo_e64a6a,Melissa Leo,,
per_melissa_mccarthy_9161a5,Melissa McCarthy,,
per_melvil_poupaud_29e18c,Melvil Poupaud,,
per_meryl_streep_b1d285,Meryl Streep,,
per_method_man_6d436a,Method Man,,
per_mia_wasikowska_e5b715,Mia Wasikowska,,
per_michael_apted_bc415e,Michael Apted,,
per_michael_b_jordan_ab2d21,Michael B. Jordan,,
per_michael_bay_84fd22,Michael Bay,,
per_michael_caine_e80372,Michael Caine,,
per_michael_chiklis_cd3179,Michael Chiklis,,
per_michael_cuesta_b7538c,Michael Cuesta,,
per_michael_dougherty_0ce3c8,Michael Dougherty,,
per_michael_ealy_b8650b,Michael Ealy,,
per_michael_eklund_1ce1c4,Michael Eklund,,
per_michael_fassbender_73e331,Michael Fassbender,,
per_michael_imperioli_092776,Michael Imperioli,,
per_michael_j_bassett_4ef214,Michael J. Bassett,,
per_michael_jones_15fc85,Michael Jones,,
per_michael_k_williams_549721,Michael K. Williams,,
per_michael_keaton_4e4251,Michael Keaton,,
per_michael_kelly_37f809,Michael Kelly,,
per_michael_lamenda_62f0e3,Michael Lamenda,,
per_michael_mann_ad5198,Michael Mann,,
per_michael_parks_38a540,Michael Parks,,
per_michael_pena_f7870e,Michael Peña,,
per_michael_polish_5feb3c,Michael Polish,,
per_michael_reilly_burke_f526ce,Michael Reilly Burke,,
per_michael_shannon_ee6051,Michael Shannon,,
per_michael_sheen_84f74c,Michael Sheen,,
per_michael_stuhlbarg_8886ea,Michael Stuhlbarg,,
per_michael_tiddes_0dc5eb,Michael Tiddes,,
per_michael_w_smith_dcb5f2,Michael W. Smith,,
per_michael_r_roskam_96c11d,Michaël R. Roskam,,
per_michel_joelsas_a4eba6,Michel Joelsas,,
per_michelle_dockery_d8bcdb,Michelle Dockery,,
per_michelle_monaghan_96a200,Michelle Monaghan,,
per_michelle_pfeiffer_84063c,Michelle Pfeiffer,,
per_michelle_rodriguez_87b147,Michelle Rodriguez,,
per_michelle_yeoh_52ea6a,Michelle Yeoh,,
per_michiel_huisman_e3fdf1,Michiel Huisman,,
per_mike_thurmeier_889afe,Mike Thurmeier,,
per_mila_kunis_41e0aa,Mila Kunis,,
per_miles_teller_f9da98,Miles Teller,,
per_milla_jovovich_e1992c,Milla Jovovich,,
per_mimi_rogers_302fa5,Mimi Rogers,,
per_mimie_ernida_f81d6e,Mimie Ernida,,
per_minnie_driver_3f4142,Minnie Driver,,
per_miranda_cosgrove_e5e7d5,Miranda Cosgrove,,
per_miranda_hart_c4aaa7,Miranda Hart,,
per_mireille_enos_67a40c,Mireille Enos,,
per_mitchell_winehouse_ec82e0,Mitchell Winehouse,,
per_miyavi_9fe2b4,Miyavi,,
per_molly_shannon_04182d,Molly Shannon,,
per_morena_baccarin_56c7c6,Morena Baccarin,,
per_morgan_freeman_04b4e0,Morgan Freeman,,
per_morgan_land_screenplay_95f7ef,Morgan Land (screenplay),,
per_morgan_spurlock_b45768,Morgan Spurlock,,
per_morris_chestnut_ee3a20,Morris Chestnut,,
per_morten_tyldum_a324f7,Morten Tyldum,,
per_muse_watson_e100fd,Muse Watson,,
per_melanie_laurent_9cd0e5,Mélanie Laurent,,
per_n_santhanam_549aa9,N. Santhanam,,
per_nadine_velazquez_fcd7fd,Nadine Velazquez,,
per_nancy_meyers_fe17fb,Nancy Meyers,,
per_naomi_watts_179888,Naomi Watts,,
per_naomie_harris_ca4465,Naomie Harris,,
per_nat_faxon_316614,Nat Faxon,,
per_nat_wolff_c74358,Nat Wolff,,
per_natalie_dormer_329ba1,Natalie Dormer,,
per_natalie_martinez_5f2290,Natalie Martinez,,
per_natalie_portman_c17063,Natalie Portman,,
per_natascha_mcelhone_e5102e,Natascha McElhone,,
per_nate_parker_f0b3c5,Nate Parker,,
per_nathan_gamble_e9c653,Nathan Gamble,,
per_nathan_kress_f1f316,Nathan Kress,,
per_nathan_lane_e39a4c,Nathan Lane,,
per_nathan_phillips_556714,Nathan Phillips,,
per_nazanin_boniadi_00fb10,Nazanin Boniadi,,
per_neal_mcdonough_5fab1a,Neal McDonough,,
per_neil_burger_3b1f05,Neil Burger,,
per_neil_patrick_harris_1a8f21,Neil Patrick Harris,,
per_neill_blomkamp_48c486,Neill Blomkamp,,
per_nelsan_ellis_ca1aeb,Nelsan Ellis,,
per_nia_long_14a97f,Nia Long,,
per_nia_vardalos_acd1f2,Nia Vardalos,,
per_niall_horan_fc77a7,Niall Horan,,
per_nic_bishop_d75431,Nic Bishop,,
per_nicholas_hoult_a3935b,Nicholas Hoult,,
per_nicholas_hytner_e47ded,Nicholas Hytner,,
per_nicholas_stoller_ceb563,Nicholas Stoller,,
per_nicholas_tucci_2534bf,Nicholas Tucci,,
per_nick_cassavetes_69c106,Nick Cassavetes,,
per_nick_frost_cbc245,Nick Frost,,
per_nick_nolte_c4ee89,Nick Nolte,,
per_nick_offerman_39a2ee,Nick Offerman,,
per_nick_robinson_4e4f27,Nick Robinson,,
per_nick_shymansky_821235,Nick Shymansky,,
per_nick_swardson_830dc4,Nick Swardson,,
per_nicki_minaj_7f214d,Nicki Minaj,,
per_nicky_whelan_a9917d,Nicky Whelan,,
per_nicolas_cage_e6d710,Nicolas Cage,,
per_nicole_holofcener_8c0219,Nicole Holofcener,,
per_nicole_kidman_e25847,Nicole Kidman,,
per_niels_arden_oplev_572f5f,Niels Arden Oplev,,
per_niels_arestrup_dd1868,Niels Arestrup,,
per_nikolaj_coster_waldau_e9f6a3,Nikolaj Coster-Waldau,,
per_nilbio_torres_1a7f8e,Nilbio Torres,,
per_nima_nourizadeh_319430,Nima Nourizadeh,,
per_nina_arianda_6101cb,Nina Arianda,,
per_nina_dobrev_1f5aa2,Nina Dobrev,,
per_ninja_32f407,Ninja,,
per_noah_baumbach_613c9a,Noah Baumbach,,
per_noah_baumbach_screenplay_ben_stiller_f1efde,Noah Baumbach(screenplay); Ben Stiller,,
per_noah_emmerich_b274de,Noah Emmerich,,
per_noah_johnston_93c4e6,Noah Johnston,,
per_noah_schnapp_dbcd74,Noah Schnapp,,
per_noah_segan_4de677,Noah Segan,,
per_noam_murro_fc3e50,Noam Murro,,
per_noel_fisher_2588f7,Noel Fisher,,
per_noomi_rapace_2b4cd2,Noomi Rapace,,
per_nora_danish_7cb2bd,Nora Danish,,
per_o_shea_jackson_8344b8,O'Shea Jackson,,
per_oaklee_pendergast_f79e43,Oaklee Pendergast,,
per_odeya_rush_c30c11,Odeya Rush,,
per_ole_bornedal_9f0143,Ole Bornedal,,
per_olga_kurylenko_8da4db,Olga Kurylenko,,
per_oliver_cooper_aa51ac,Oliver Cooper,,
per_oliver_jackson_cohen_dddc69,Oliver Jackson-Cohen,,
per_oliver_platt_4538a5,Oliver Platt,,
per_oliver_stone_0b2479,Oliver Stone,,
per_olivia_cooke_f86d1a,Olivia Cooke,,
per_olivia_dejonge_e294b0,Olivia DeJonge,,
per_olivia_munn_489395,Olivia Munn,,
per_olivia_taylor_dudley_7806a0,Olivia Taylor Dudley,,
per_olivia_thirlby_840c6f,Olivia Thirlby,,
per_olivia_wilde_084cda,Olivia Wilde,,
per_olivia_williams_d95424,Olivia Williams,,
per_olivier_megaton_0bce3f,Olivier Megaton,,
per_onata_aprile_d9a18a,Onata Aprile,,
per_oprah_winfrey_b53724,Oprah Winfrey,,
per_oscar_isaac_2fe13f,Oscar Isaac,,
per_owen_wilson_f6fa58,Owen Wilson,,
per_pablo_schreiber_fb8137,Pablo Schreiber,,
per_paddy_considine_fa2394,Paddy Considine,,
per_parker_posey_3ced9b,Parker Posey,,
per_pascal_chaumeil_10fa2b,Pascal Chaumeil,,
per_patricia_arquette_fa47c7,Patricia Arquette,,
per_patricia_clarkson_7222e9,Patricia Clarkson,,
per_patricia_heaton_0b4e76,Patricia Heaton,,
per_patricia_riggen_9aaddb,Patricia Riggen,,
per_patrick_heusinger_3b34b8,Patrick Heusinger,,
per_patrick_hughes_97c110,Patrick Hughes,,
per_patrick_wilson_fba0ce,Patrick Wilson,,
per_paul_bettany_0ebd51,Paul Bettany,,
per_paul_dano_f3b808,Paul Dano,,
per_paul_feig_0d52da,Paul Feig,,
per_paul_freeman_2bc87f,Paul Freeman,,
per_paul_giamatti_237c29,Paul Giamatti,,
per_paul_greengrass_b55ca1,Paul Greengrass,,
per_paul_harris_edaa25,Paul Harris,,
per_paul_mcguigan_e509af,Paul McGuigan,,
per_paul_reiser_2ca0a4,Paul Reiser,,
per_paul_rudd_d14103,Paul Rudd,,
per_paul_thomas_anderson_d0cea0,Paul Thomas Anderson,,
per_paul_tibbitt_754e53,Paul Tibbitt,,
per_paul_tibbitt_director_7d5d2d,Paul Tibbitt (director),,
per_paul_w_s_anderson_1e4d1b,Paul W. S. Anderson,,
per_paul_walker_dedf68,Paul Walker,,
per_paula_patton_711e94,Paula Patton,,
per_penelope_cruz_4a947c,Penélope Cruz,,
per_peta_sergeant_d16d31,Peta Sergeant,,
per_peter_atencio_9b9a31,Peter Atencio,,
per_peter_berg_271991,Peter Berg,,
per_peter_dinklage_48083c,Peter Dinklage,,
per_peter_farrelly_34b6fa,Peter Farrelly,,
per_peter_jackson_244610,Peter Jackson,,
per_peter_landesman_c0d310,Peter Landesman,,
per_peter_lepeniotis_a240f2,Peter Lepeniotis,,
per_peter_lord_59532f,Peter Lord,,
per_peter_mcrobbie_89860c,Peter McRobbie,,
per_peter_pau_19b16a,Peter Pau,,
per_peter_ramsey_85a01a,Peter Ramsey,,
per_peter_sarsgaard_0e8771,Peter Sarsgaard,,
per_peter_stormare_69b281,Peter Stormare,,
per_peyton_reed_e2066a,Peyton Reed,,
per_phil_lord_0a43a0,Phil Lord,,
per_philip_seymour_hoffman_4fbea6,Philip Seymour Hoffman,,
per_phillip_noyce_194151,Phillip Noyce,,
per_phoebe_fox_f2321d,Phoebe Fox,,
per_pierce_brosnan_82d680,Pierce Brosnan,,
per_pierre_coffin_4a98c6,Pierre Coffin,,
per_pierre_morel_5dfbbd,Pierre Morel,,
per_powers_boothe_e28c67,Powers Boothe,,
per_priscilla_shirer_3f7ea4,Priscilla Shirer,,
per_priya_darshini_82e6a9,Priya Darshini,,
per_queen_latifah_9303d9,Queen Latifah,,
per_quentin_tarantino_d2c541,Quentin Tarantino,,
per_quvenzhane_wallis_52e476,Quvenzhané Wallis,,
per_r_j_cutler_84aef1,R. J. Cutler,,
per_rza_db0ed6,RZA,,
per_rachael_harris_0fe185,Rachael Harris,,
per_rachel_feinstein_db029f,Rachel Feinstein,,
per_rachel_mcadams_9dc3c1,Rachel McAdams,,
per_rachel_nichols_765a94,Rachel Nichols,,
per_rachel_weisz_256da8,Rachel Weisz,,
per_rade_sherbedgia_8b6e81,Rade Sherbedgia,,
per_radha_mitchell_444916,Radha Mitchell,,
per_radivoje_bukvic_ba7ed4,Radivoje Bukvić,,
per_raini_rodriguez_8ea402,Raini Rodriguez,,
per_raja_gosnell_6f426d,Raja Gosnell,,
per_ralph_fiennes_f9efef,Ralph Fiennes,,
per_ralph_ineson_820a3e,Ralph Ineson,,
per_raman_hui_642670,Raman Hui,,
per_rami_malek_09d963,Rami Malek,,
per_ramon_rodriguez_88923a,Ramón Rodríguez,,
per_randall_wallace_b6db17,Randall Wallace,,
per_randy_couture_f8b2cd,Randy Couture,,
per_rawson_marshall_thurber_087068,Rawson Marshall Thurber,,
per_ray_liotta_cf7739,Ray Liotta,,
per_ray_park_6a4478,Ray Park,,
per_ray_romano_b12d5b,Ray Romano,,
per_ray_sahetapy_d5ca1e,Ray Sahetapy,,
per_ray_stevenson_076e6a,Ray Stevenson,,
per_ray_winstone_4f505f,Ray Winstone,,
per_ray_wise_2505e8,Ray Wise,,
per_raye_cosbert_9295d1,Raye Cosbert,,
per_rebecca_ferguson_abc8f5,Rebecca Ferguson,,
per_rebecca_hall_202c7c,Rebecca Hall,,
per_rebecca_romijn_072b72,Rebecca Romijn,,
per_rebel_wilson_29948e,Rebel Wilson,,
per_reese_hartwig_40ffc1,Reese Hartwig,,
per_reese_witherspoon_266af6,Reese Witherspoon,,
per_regina_case_dad254,Regina Casé,,
per_regina_hall_e3cc72,Regina Hall,,
per_religious_bale_e9c3b8,Religious Bale,,
per_religious_slater_df28a4,Religious Slater,,
per_rene_russo_12520f,Rene Russo,,
per_renee_olstead_4c223b,Renee Olstead,,
per_renny_harlin_a1e36a,Renny Harlin,,
per_rhys_ifans_311d69,Rhys Ifans,,
per_rian_johnson_61d91a,Rian Johnson,,
per_ric_roman_waugh_1ecbd8,Ric Roman Waugh,,
per_richard_armitage_6fb9cd,Richard Armitage,,
per_richard_ayoade_f83496,Richard Ayoade,,
per_richard_dormer_5b42b0,Richard Dormer,,
per_richard_gere_bcc100,Richard Gere,,
per_richard_jenkins_02350e,Richard Jenkins,,
per_richard_lagravenese_c5b64c,Richard LaGravenese,,
per_richard_linklater_7386c6,Richard Linklater,,
per_rick_yune_c72f29,Rick Yune,,
per_ricky_gervais_6cc17c,Ricky Gervais,,
per_ridley_scott_9994d8,Ridley Scott,,
per_rihanna_645e90,Rihanna,,
per_riley_thomas_stewart_bffbea,Riley Thomas Stewart,,
per_rinko_kikuchi_574968,Rinko Kikuchi,,
per_riz_ahmed_db8abb,Riz Ahmed,,
per_rob_cohen_ef5fa8,Rob Cohen,,
per_rob_corddry_8121f9,Rob Corddry,,
per_rob_letterman_1b4911,Rob Letterman,,
per_rob_minkoff_d4268f,Rob Minkoff,,
per_rob_riggle_1bbac0,Rob Riggle,,
per_rob_thomas_59c9f3,Rob Thomas,,
per_robbie_amell_52ff54,Robbie Amell,,
per_robert_capron_cf76c1,Robert Capron,,
per_robert_christopher_riley_f77e8a,Robert Christopher Riley,,
per_robert_de_niro_c498b0,Robert De Niro,,
per_robert_downey_7f4a64,Robert Downey,,
per_robert_duvall_586016,Robert Duvall,,
per_robert_eggers_c81c24,Robert Eggers,,
per_robert_emms_90e8c4,Robert Emms,,
per_robert_lorenz_0e0e02,Robert Lorenz,,
per_robert_patrick_59cd5b,Robert Patrick,,
per_robert_pattinson_177243,Robert Pattinson,,
per_robert_redford_c5a4fb,Robert Redford,,
per_robert_rodriguez_ece2ba,Robert Rodriguez,,
per_robert_schwentke_17aa98,Robert Schwentke,,
per_robert_sheehan_998ec8,Robert Sheehan,,
per_robert_zemeckis_8a2f4e,Robert Zemeckis,,
per_robin_givens_7dc689,Robin Givens,,
per_robin_tunney_b91d17,Robin Tunney,,
per_robin_williams_e83679,Robin Williams,,
per_robin_wright_00ae98,Robin Wright,,
per_rodrigo_santoro_e0ee1a,Rodrigo Santoro,,
per_roger_allam_9bfacc,Roger Allam,,
per_roger_donaldson_1e5d89,Roger Donaldson,,
per_roland_emmerich_57a1d0,Roland Emmerich,,
per_roma_downey_49b42e,Roma Downey,,
per_ron_howard_f32d74,Ron Howard,,
per_ron_livingston_a9ed1e,Ron Livingston,,
per_ronald_cyler_ii_c9ffce,Ronald Cyler II,,
per_rooney_mara_b07e7a,Rooney Mara,,
per_rory_kinnear_35d758,Rory Kinnear,,
per_rosamund_pike_31a83d,Rosamund Pike,,
per_rosario_dawson_2824e3,Rosario Dawson,,
per_roschoy_zem_2645d8,Roschoy Zem,,
per_rose_byrne_e80c07,Rose Byrne,,
per_rose_leslie_b77ac0,Rose Leslie,,
per_rosemarie_dewitt_aad4bb,Rosemarie DeWitt,,
per_rosie_huntington_whiteley_f0b0f7,Rosie Huntington-Whiteley,,
per_rosie_perez_11eca4,Rosie Perez,,
per_rowan_joffe_3d4d5a,Rowan Joffé,,
per_roxanne_mckee_9d8377,Roxanne McKee,,
per_ruben_fleischer_929d25,Ruben Fleischer,,
per_rufus_sewell_b516fe,Rufus Sewell,,
per_rupert_evans_6688b0,Rupert Evans,,
per_rupert_friend_f19ac9,Rupert Friend,,
per_rupert_sanders_bd137e,Rupert Sanders,,
per_russell_brand_b84181,Russell Brand,,
per_russell_crowe_e74012,Russell Crowe,,
per_rutger_hauer_9dd080,Rutger Hauer,,
per_ruth_wilson_15cb9f,Ruth Wilson,,
per_ryan_coogler_a6c5d5,Ryan Coogler,,
per_ryan_gosling_c7739f,Ryan Gosling,,
per_ryan_guzman_582247,Ryan Guzman,,
per_ryan_hansen_582c83,Ryan Hansen,,
per_ryan_lee_b4f9a1,Ryan Lee,,
per_ryan_merriman_2cb3a7,Ryan Merriman,,
per_ryan_reynolds_e0d20e,Ryan Reynolds,,
per_ryuhei_kitamura_302cb8,Ryuhei Kitamura,,
per_ryuichi_yagi_f4fd53,Ryuichi Yagi,,
per_s_shankar_f3be35,S. Shankar,,
per_sacha_baron_cohen_2b494b,Sacha Baron Cohen,,
per_sally_field_3a1a60,Sally Field,,
per_salma_hayek_3a1c72,Salma Hayek,,
per_sam_anderson_7dd64c,Sam Anderson,,
per_sam_claflin_a8c130,Sam Claflin,,
per_sam_liu_127048,Sam Liu,,
per_sam_miller_bc31df,Sam Miller,,
per_sam_reid_6b8a33,Sam Reid,,
per_sam_riley_93be7a,Sam Riley,,
per_sam_rockwell_dafe62,Sam Rockwell,,
per_sam_shepard_238f1e,Sam Shepard,,
per_sam_spruell_cae5d3,Sam Spruell,,
per_sam_worthington_40d637,Sam Worthington,,
per_samantha_barks_f9e924,Samantha Barks,,
per_samuel_l_jackson_2bb0a9,Samuel L. Jackson,,
per_sanaa_lathan_b7af24,Sanaa Lathan,,
per_sandra_bullock_aaa0da,Sandra Bullock,,
per_sandra_oh_b76c78,Sandra Oh,,
per_sandrine_kiberlain_dd15ed,Sandrine Kiberlain,,
per_saoirse_ronan_aad8e2,Saoirse Ronan,,
per_sarah_bolger_e792dd,Sarah Bolger,,
per_sarah_clarke_697a5c,Sarah Clarke,,
per_sarah_drew_ece65f,Sarah Drew,,
per_sarah_gadon_823642,Sarah Gadon,,
per_sarah_gavron_fce1d9,Sarah Gavron,,
per_sarah_jessica_parker_5913e1,Sarah Jessica Parker,,
per_sarah_paulson_14c2fe,Sarah Paulson,,
per_sarah_shahi_f5c20b,Sarah Shahi,,
per_sarah_wayne_callies_dc570d,Sarah Wayne Callies,,
per_saxon_sharbino_175d29,Saxon Sharbino,,
per_scarlett_johansson_48c9ca,Scarlett Johansson,,
per_scoot_mcnairy_39e701,Scoot McNairy,,
per_scott_adkins_7e1630,Scott Adkins,,
per_scott_caan_07930e,Scott Caan,,
per_scott_charles_stewart_091dbf,Scott Charles Stewart,,
per_scott_cooper_f990a0,Scott Cooper,,
per_scott_derrickson_53ee6d,Scott Derrickson,,
per_scott_eastwood_bef0b7,Scott Eastwood,,
per_scott_frank_f89736,Scott Frank,,
per_scott_hicks_d526b3,Scott Hicks,,
per_scott_mcgehee_55c244,Scott McGehee,,
per_scott_moore_b7814b,Scott Moore,,
per_scott_waugh_8de359,Scott Waugh,,
per_sean_anders_3cb1bc,Sean Anders,,
per_sean_astin_a81127,Sean Astin,,
per_sean_bean_3aa3f6,Sean Bean,,
per_sean_bridgers_a38834,Sean Bridgers,,
per_sean_harris_86d042,Sean Harris,,
per_sean_hayes_19c46e,Sean Hayes,,
per_sean_penn_dfa023,Sean Penn,,
per_seann_william_scott_d5e69d,Seann William Scott,,
per_sebastian_koch_16831d,Sebastian Koch,,
per_sebastian_stan_f910b4,Sebastian Stan,,
per_sela_ward_7cd8ce,Sela Ward,,
per_selena_gomez_89197b,Selena Gomez,,
per_sergei_bodrov_299814,Sergei Bodrov,,
per_sergei_bodrov_director_ben_barnes_120272,Sergei Bodrov (director) Ben Barnes,,
per_seth_gordon_356112,Seth Gordon,,
per_seth_green_26401a,Seth Green,,
per_seth_macfarlane_a06332,Seth MacFarlane,,
per_seth_rogen_ecd33a,Seth Rogen,,
per_shaheizy_sam_4c0103,Shaheizy Sam,,
per_shailene_woodley_13a3d3,Shailene Woodley,,
per_shane_harper_d00257,Shane Harper,,
per_shannon_kook_64b88f,Shannon Kook,,
per_shannyn_sossamon_2cbc87,Shannyn Sossamon,,
per_sharlto_copley_4ea504,Sharlto Copley,,
per_sharni_vinson_7b6d35,Sharni Vinson,,
per_shawn_levy_d7992d,Shawn Levy,,
per_shelley_hennig_04d9df,Shelley Hennig,,
per_sherri_shepherd_362491,Sherri Shepherd,,
per_shia_labeouf_243845,Shia LaBeouf,,
per_shiloh_fernandez_326c5f,Shiloh Fernandez,,
per_show_luo_94f87c,Show Luo,,
per_sienna_guillory_d2baf6,Sienna Guillory,,
per_sienna_miller_73e98c,Sienna Miller,,
per_sigourney_weaver_e03e4e,Sigourney Weaver,,
per_sigurur_sigurjonsson_b5f2ee,Sigurður Sigurjónsson,,
per_simon_curtis_f38324,Simon Curtis,,
per_simon_helberg_3f24f5,Simon Helberg,,
per_simon_j_smith_f7232a,Simon J. Smith,,
per_simon_pegg_9a89f4,Simon Pegg,,
per_simon_quarterman_6a81bd,Simon Quarterman,,
per_simon_rex_4f567f,Simon Rex,,
per_simon_west_e4d446,Simon West,,
per_skylar_astin_b8b5d9,Skylar Astin,,
per_sofia_black_d_elia_698cc0,Sofia Black-D'Elia,,
per_sofia_coppola_0f8c5d,Sofia Coppola,,
per_sofia_vergara_a7b2a1,Sofía Vergara,,
per_spencer_treat_clark_128fec,Spencer Treat Clark,,
per_stefanie_scott_0f97f9,Stefanie Scott,,
per_stephan_james_0ecfd4,Stephan James,,
per_stephanie_szostak_3aeaaf,Stephanie Szostak,,
per_stephen_amell_f6ddef,Stephen Amell,,
per_stephen_chbosky_1c196d,Stephen Chbosky,,
per_stephen_chow_d42353,Stephen Chow,,
per_stephen_colbert_40e372,Stephen Colbert,,
per_stephen_frears_25ae06,Stephen Frears,,
per_stephen_hopkins_47acfa,Stephen Hopkins,,
per_stephen_lang_e2723f,Stephen Lang,,
per_stephen_st_leger_2a6fb7,Stephen St.Leger,,
per_steve_buscemi_5d5625,Steve Buscemi,,
per_steve_carell_0a9c4a,Steve Carell,,
per_steve_coogan_77283f,Steve Coogan,,
per_steve_martin_bc9076,Steve Martin,,
per_steve_martino_543373,Steve Martino,,
per_steve_zahn_8f4f82,Steve Zahn,,
per_steve_zaillian_404743,Steve Zaillian,,
per_steven_quale_82438f,Steven Quale,,
per_steven_soderbergh_cf7d37,Steven Soderbergh,,
per_steven_spielberg_b2d879,Steven Spielberg,,
per_stiles_white_af8fdb,Stiles White,,
per_subaru_kimura_50d15d,Subaru Kimura,,
per_sullivan_stapleton_3f0962,Sullivan Stapleton,,
per_sung_kang_16bff6,Sung Kang,,
per_suraj_sharma_b007a7,Suraj Sharma,,
per_suresh_gopi_fcaa96,Suresh Gopi,,
per_susan_sarandon_0ca29e,Susan Sarandon,,
per_suzan_crowley_5b1280,Suzan Crowley,,
per_sylvester_stallone_0872a6,Sylvester Stallone,,
per_t_j_miller_9625cb,T. J. Miller,,
per_t_c_stallings_1e6f03,T.C. Stallings,,
per_t_i_3cf99c,T.I.,,
per_taissa_farmiga_738d8a,Taissa Farmiga,,
per_takashi_yamazaki_6433c7,Takashi Yamazaki,,
per_tang_wei_5dd0fd,Tang Wei,,
per_tania_raymonde_f0d2a7,Tania Raymonde,,
per_tao_okamoto_ae7f72,Tao Okamoto,,
per_tara_reid_149f65,Tara Reid,,
per_tara_strong_5ab5bd,Tara Strong,,
per_taraji_p_henson_42bd02,Taraji P. Henson,,
per_taron_egerton_e1800d,Taron Egerton,,
per_tarsem_singh_b9e425,Tarsem Singh,,
per_tate_taylor_63c929,Tate Taylor,,
per_tatiana_maslany_c79b63,Tatiana Maslany,,
per_taylor_hackford_50efbc,Taylor Hackford,,
per_taylor_kinney_7b3ae3,Taylor Kinney,,
per_taylor_kitsch_57abb8,Taylor Kitsch,,
per_taylor_lautner_a1c703,Taylor Lautner,,
per_taylor_schilling_797b53,Taylor Schilling,,
per_taylor_swift_e081da,Taylor Swift,,
per_ted_levine_48a3e1,Ted Levine,,
per_teo_halm_11e82e,Teo Halm,,
per_terence_stamp_4847d5,Terence Stamp,,
per_teresa_palmer_dc098b,Teresa Palmer,,
per_terrence_howard_983779,Terrence Howard,,
per_terrence_j_6ab1e6,Terrence J,,
per_terry_crews_cb705f,Terry Crews,,
per_tessa_thompson_18d85f,Tessa Thompson,,
per_thandie_newton_da9c7e,Thandie Newton,,
per_the_erwin_brothers_eeb21f,The Erwin Brothers,,
per_thea_sharrock_0df4b9,Thea Sharrock,,
per_theo_james_404f0d,Theo James,,
per_theodore_melfi_817c05,Theodore Melfi,,
per_thomas_carter_1b23cd,Thomas Carter,,
per_thomas_haden_church_ce7b4f,Thomas Haden Church,,
per_thomas_kretschmann_22b7e2,Thomas Kretschmann,,
per_thomas_mann_a2ba54,Thomas Mann,,
per_thomas_mcdonell_05851d,Thomas McDonell,,
per_thomas_sangster_bd1de6,Thomas Sangster,,
per_thor_freudenthal_7ccceb,Thor Freudenthal,,
per_tika_sumpter_dbac9a,Tika Sumpter,,
per_til_schweiger_d3acf0,Til Schweiger,,
per_tim_burton_6e70ee,Tim Burton,,
per_tim_gunn_6bfca6,Tim Gunn,,
per_tim_johnson_122b67,Tim Johnson,,
per_tim_miller_699b80,Tim Miller,,
per_tim_roth_896440,Tim Roth,,
per_tim_story_740720,Tim Story,,
per_timo_vuorensola_7991a4,Timo Vuorensola,,
per_timothy_olyphant_e19ede,Timothy Olyphant,,
per_timur_bekmambetov_1d1c98,Timur Bekmambetov,,
per_tina_fey_6d98ac,Tina Fey,,
per_tio_pakusadewo_bb141c,Tio Pakusadewo,,
per_tobey_maguire_e27004,Tobey Maguire,,
per_toby_kebbell_935a26,Toby Kebbell,,
per_toby_stephens_05d84d,Toby Stephens,,
per_todd_haynes_da9103,Todd Haynes,,
per_todd_phillips_ddb0d8,Todd Phillips,,
per_tom_arnold_f83f21,Tom Arnold,,
per_tom_cruise_72b57c,Tom Cruise,,
per_tom_everett_scott_bb5dd9,Tom Everett Scott,,
per_tom_felton_ceae4e,Tom Felton,,
per_tom_gormican_325330,Tom Gormican,,
per_tom_hanks_a3be35,Tom Hanks,,
per_tom_hardy_223f85,Tom Hardy,,
per_tom_harper_bcec60,Tom Harper,,
per_tom_hiddleston_b83529,Tom Hiddleston,,
per_tom_holland_d71ce9,Tom Holland,,
per_tom_hooper_809093,Tom Hooper,,
per_tom_kenny_dabe11,Tom Kenny,,
per_tom_mccarthy_bc54b5,Tom McCarthy,,
per_tom_mcgrath_67bdee,Tom McGrath,,
per_tom_skerritt_10d7ec,Tom Skerritt,,
per_tom_tykwer_84354c,Tom Tykwer,,
per_tom_welling_a4573e,Tom Welling,,
per_tom_wilkinson_d96a5a,Tom Wilkinson,,
per_tommy_lee_jones_9b190f,Tommy Lee Jones,,
per_tommy_wirkola_b70ddb,Tommy Wirkola,,
per_tomokazu_seki_6e756c,Tomokazu Seki,,
per_toni_braxton_76c6fe,Toni Braxton,,
per_toni_collette_19e748,Toni Collette,,
per_tony_bellew_153d66,Tony Bellew,,
per_tony_gilroy_cd69c8,Tony Gilroy,,
per_tony_hale_f5a252,Tony Hale,,
per_tony_oller_c9524b,Tony Oller,,
per_tony_revolori_634a0a,Tony Revolori,,
per_tony_scott_90b659,Tony Scott,,
per_topher_grace_d52118,Topher Grace,,
per_trace_adkins_ec80b2,Trace Adkins,,
per_travis_fimmel_ff38ad,Travis Fimmel,,
per_travis_knight_904107,Travis Knight,,
per_trey_songz_eee560,Trey Songz,,
per_trish_sie_3985fd,Trish Sie,,
per_tucker_albrizzi_26fe97,Tucker Albrizzi,,
per_tuppence_middleton_e1e95c,Tuppence Middleton,,
per_ty_burrell_ba08dc,Ty Burrell,,
per_ty_simpkins_9aa063,Ty Simpkins,,
per_tyler_craig_b9ad47,Tyler Craig,,
per_tyler_gillett_3efda9,Tyler Gillett,,
per_tyler_labine_304a02,Tyler Labine,,
per_tyler_perry_04c030,Tyler Perry,,
per_udo_kier_f032e2,Udo Kier,,
per_upen_patel_1d89ff,Upen Patel,,
per_usher_2b829a,Usher,,
per_val_kilmer_4318ec,Val Kilmer,,
per_valerie_donzelli_ad9c71,Valérie Donzelli,,
per_valerie_donzelli_director_58390a,Valérie Donzelli (director),,
per_vanessa_hudgens_387958,Vanessa Hudgens,,
per_vanessa_ray_72772a,Vanessa Ray,,
per_vera_farmiga_f94354,Vera Farmiga,,
per_veronica_echegui_336b48,Veronica Echegui,,
per_vic_armstrong_d99e93,Vic Armstrong,,
per_victor_garber_186681,Victor Garber,,
per_victor_ortiz_fcc18d,Victor Ortiz,,
per_victoria_justice_26a54b,Victoria Justice,,
per_vikram_af67ba,Vikram,,
per_vimala_pons_889e7c,Vimala Pons,,
per_vin_diesel_8144db,Vin Diesel,,
per_vince_vaughn_c370f3,Vince Vaughn,,
per_vincent_cassel_449ed8,Vincent Cassel,,
per_vincent_curatola_c8e9bc,Vincent Curatola,,
per_vincent_d_onofrio_d0f8b3,Vincent D'Onofrio,,
per_vincent_pastore_c6ce4a,Vincent Pastore,,
per_vincent_piazza_fddb1a,Vincent Piazza,,
per_vincent_regan_32270a,Vincent Regan,,
per_vinessa_shaw_eef1bd,Vinessa Shaw,,
per_ving_rhames_dfd656,Ving Rhames,,
per_viola_davis_12425b,Viola Davis,,
per_violante_placido_13cbff,Violante Placido,,
per_vivica_a_fox_b84a94,Vivica A. Fox,,
per_vivis_colombetti_5c4634,Vivis Colombetti,,
per_wade_barrett_04e515,Wade Barrett,,
per_wagner_moura_5ec359,Wagner Moura,,
per_wally_pfister_9cb303,Wally Pfister,,
per_walt_becker_4f8f58,Walt Becker,,
per_walter_hill_b9dcbe,Walter Hill,,
per_walton_goggins_db1566,Walton Goggins,,
per_wan_hanafi_su_d5f11f,Wan Hanafi Su,,
per_wasabi_mizuta_7c8b87,Wasabi Mizuta,,
per_wellesley_wild_screenplay_mark_wahlberg_f08f24,Wellesley Wild(screenplay) Mark Wahlberg,,
per_wendi_mclendon_covey_5abd93,Wendi McLendon-Covey,,
per_wes_anderson_73330b,Wes Anderson,,
per_wes_ball_a2c18f,Wes Ball,,
per_wes_bentley_f73531,Wes Bentley,,
per_will_arnett_1839eb,Will Arnett,,
per_will_ferrell_e27bf7,Will Ferrell,,
per_will_forte_a5c4ab,Will Forte,,
per_will_gluck_8f14d6,Will Gluck,,
per_will_patton_4f962e,Will Patton,,
per_will_peltz_4a98d0,Will Peltz,,
per_will_poulter_c098ee,Will Poulter,,
per_will_sasso_a3798b,Will Sasso,,
per_will_smith_172dcd,Will Smith,,
per_will_yun_lee_7befb6,Will Yun Lee,,
per_willem_dafoe_13f4f9,Willem Dafoe,,
per_william_brent_bell_5e786d,William Brent Bell,,
per_william_eubank_51d3ac,William Eubank,,
per_william_h_macy_6a1dfd,William H. Macy,,
per_william_houston_2d1227,William Houston,,
per_william_hurt_1dfa8f,William Hurt,,
per_william_riead_b79498,William Riead,,
per_william_shatner_1cf6f5,William Shatner,,
per_willie_robertson_0d07da,Willie Robertson,,
per_winona_ryder_b8fe1e,Winona Ryder,,
per_winston_chao_a2c019,Winston Chao,,
per_winter_a7977f,Winter,,
per_wole_parks_ad1f9f,Wole Parks,,
per_woody_allen_03c0b5,Woody Allen,,
per_woody_harrelson_1ff1f1,Woody Harrelson,,
per_yang_zishan_f3f067,Yang Zishan,,
per_yann_demange_525fdf,Yann Demange,,
per_yaron_levy_0134af,Yaron Levy,,
per_yarrow_cheney_80463c,Yarrow Cheney,,
per_yayan_ruhian_d806e5,Yayan Ruhian,,
per_yolandi_visser_4075c6,Yolandi Visser,,
per_yorick_van_wageningen_7de569,Yorick van Wageningen,,
per_yuliya_snigir_bba6ae,Yuliya Snigir,,
per_yumi_kakazu_d152fa,Yumi Kakazu,,
per_yvette_nicole_brown_cb1d06,Yvette Nicole Brown,,
per_ylmaz_erdogan_644523,Yılmaz Erdoğan,,
per_zac_efron_2e6295,Zac Efron,,
per_zach_braff_08314d,Zach Braff,,
per_zach_galifianakis_13428f,Zach Galifianakis,,
per_zach_gilford_22296c,Zach Gilford,,
per_zachary_gordon_03f6bb,Zachary Gordon,,
per_zachary_quinto_e886bc,Zachary Quinto,,
per_zack_snyder_72ba9a,Zack Snyder,,
per_zal_batmanglij_3bf892,Zal Batmanglij,,
per_zayn_malik_98f80e,Zayn Malik,,
per_zhang_yuqi_35f758,Zhang Yuqi,,
per_zizan_razak_25bebb,Zizan Razak,,
per_zoe_bell_b99174,Zoe Bell,,
per_zoe_kravitz_cb42c7,Zoe Kravitz,,
per_zoe_saldana_c2dd60,Zoe Saldana,,
per_zoey_deutch_ff259e,Zoey Deutch,,
per_zooey_deschanel_d960cb,Zooey Deschanel,,
per_zoe_kravitz_802bf2,Zoë Kravitz,,
per_zulay_henao_4e2791,Zulay Henao,,
per_edgar_ramirez_d3dd6c,Édgar Ramírez,,
per_oscar_jaenada_110a6d,Óscar Jaenada,,
