movie_key,movie_title,release_year,wikipedia_url,tmdb_id,imdb_id,wikidata_qid,match_status
mov_10_cloverfield_lane_2016_5f4fa2,10 Cloverfield Lane,2016,https://en.wikipedia.org/wiki/10_Cloverfield_Lane,,,,seed_only
mov_13_hours_the_secret_soldiers_of_benghazi_2016_10854d,13 Hours: The Secret Soldiers of Benghazi,2016,https://en.wikipedia.org/wiki/13_Hours:_The_Secret_Soldiers_of_Benghazi,,,,seed_only
mov_2_guns_2013_ae1a91,2 Guns,2013,https://en.wikipedia.org/wiki/2_Guns,,,,seed_only
mov_21_jump_street_2012_bf48d9,21 Jump Street,2012,https://en.wikipedia.org/wiki/21_Jump_Street_(film),,,,seed_only
mov_22_jump_street_2014_4fc280,22 Jump Street,2014,https://en.wikipedia.org/wiki/22_Jump_Street,,,,seed_only
mov_300_rise_of_an_empire_2014_0dc971,300: Rise of an Empire,2014,https://en.wikipedia.org/wiki/300:_Rise_of_an_Empire,,,,seed_only
mov_42_2013_16c560,42,2013,https://en.wikipedia.org/wiki/42_(film),,,,seed_only
mov_71_2014_525029,71,2014,https://en.wikipedia.org/wiki/%252771_(film),,,,seed_only
mov_90_minutes_in_heaven_2015_051046,90 Minutes in Heaven,2015,https://en.wikipedia.org/wiki/90_Minutes_in_Heaven_(film),,,,seed_only
mov_a_good_day_to_die_hard_2013_307efc,A Good Day to Die Hard,2013,https://en.wikipedia.org/wiki/A_Good_Day_to_Die_Hard,,,,seed_only
mov_a_haunted_house_2013_4f3e9c,A Haunted House,2013,https://en.wikipedia.org/wiki/A_Haunted_House_(film),,,,seed_only
mov_a_haunted_house_2_2014_fb42ab,A Haunted House 2,2014,https://en.wikipedia.org/wiki/A_Haunted_House_2,,,,seed_only
mov_a_long_way_down_2014_c8904e,A Long Way Down,2014,https://en.wikipedia.org/wiki/A_Long_Way_Down_(film),,,,seed_only
mov_a_most_violent_year_2014_02b971,A Most Violent Year,2014,https://en.wikipedia.org/wiki/A_Most_Violent_Year,,,,seed_only
mov_a_most_wanted_man_2014_97e912,A Most Wanted Man,2014,https://en.wikipedia.org/wiki/A_Most_Wanted_Man_(film),,,,seed_only
mov_a_thousand_words_2012_8efb4b,A Thousand Words,2012,https://en.wikipedia.org/wiki/A_Thousand_Words_(film),,,,seed_only
mov_a_walk_among_the_tombstones_2014_b51555,A Walk Among the Tombstones,2014,https://en.wikipedia.org/wiki/A_Walk_Among_the_Tombstones_(film),,,,seed_only
mov_a_walk_in_the_woods_2015_d9f968,A Walk in the Woods,2015,https://en.wikipedia.org/wiki/A_Walk_in_the_Woods_(film),,,,seed_only
mov_abraham_lincoln_vampire_hunter_2012_fb9c6b,Abraham Lincoln: Vampire Hunter,2012,https://en.wikipedia.org/wiki/Abraham_Lincoln:_Vampire_Hunter_(film),,,,seed_only
mov_after_earth_2013_4bc5f5,After Earth,2013,https://en.wikipedia.org/wiki/After_Earth,,,,seed_only
mov_ain_t_them_bodies_saints_2013_f1b66b,Ain't Them Bodies Saints,2013,https://en.wikipedia.org/wiki/Ain%2527t_Them_Bodies_Saints,,,,seed_only
mov_alex_cross_2012_9eb102,Alex Cross,2012,https://en.wikipedia.org/wiki/Alex_Cross_(film),,,,seed_only
mov_aloha_2015_380291,Aloha,2015,https://en.wikipedia.org/wiki/Aloha_(film),,,,seed_only
mov_alvin_and_the_chipmunks_the_road_chip_2015_1d0bd5,Alvin and the Chipmunks: The Road Chip,2015,https://en.wikipedia.org/wiki/Alvin_and_the_Chipmunks:_The_Road_Chip,,,,seed_only
mov_american_reunion_2012_97ec37,American Reunion,2012,https://en.wikipedia.org/wiki/American_Reunion,,,,seed_only
mov_american_sniper_2014_640191,American Sniper,2014,https://en.wikipedia.org/wiki/American_Sniper,,,,seed_only
mov_american_ultra_2015_5ac194,American Ultra,2015,https://en.wikipedia.org/wiki/American_Ultra,,,,seed_only
mov_amy_2015_f544da,Amy,2015,https://en.wikipedia.org/wiki/Amy_(2015_film),,,,seed_only
mov_annabelle_2014_a961b5,Annabelle,2014,https://en.wikipedia.org/wiki/Annabelle_(film),,,,seed_only
mov_annie_2014_1cec51,Annie,2014,https://en.wikipedia.org/wiki/Annie_(2014_film),,,,seed_only
mov_ant_man_2015_56d6a9,Ant-Man,2015,https://en.wikipedia.org/wiki/Ant-Man_(film),,,,seed_only
mov_argo_2012_c29beb,Argo,2012,https://en.wikipedia.org/wiki/Argo_(2012_film),,,,seed_only
mov_as_above_so_below_2014_e0c821,"As Above, So Below",2014,"https://en.wikipedia.org/wiki/As_Above,_So_Below_(film)",,,,seed_only
mov_bad_moms_2016_2d6a46,Bad Moms,2016,https://en.wikipedia.org/wiki/Bad_Moms,,,,seed_only
mov_barbershop_the_next_cut_2016_585bf8,Barbershop: The Next Cut,2016,https://en.wikipedia.org/wiki/Barbershop:_The_Next_Cut,,,,seed_only
mov_batman_v_superman_dawn_of_justice_2016_269bdd,Batman v Superman: Dawn of Justice,2016,https://en.wikipedia.org/wiki/Batman_v_Superman:_Dawn_of_Justice,,,,seed_only
mov_batman_the_killing_joke_2016_ecfe32,Batman: The Killing Joke,2016,https://en.wikipedia.org/wiki/Batman:_The_Killing_Joke_(film),,,,seed_only
mov_battle_of_the_year_2013_855bf1,Battle of the Year,2013,https://en.wikipedia.org/wiki/Battle_of_the_Year_(film),,,,seed_only
mov_battleship_2012_fa7567,Battleship,2012,https://en.wikipedia.org/wiki/Battleship_(film),,,,seed_only
mov_beasts_of_the_southern_wild_2012_29bc99,Beasts of the Southern Wild,2012,https://en.wikipedia.org/wiki/Beasts_of_the_Southern_Wild,,,,seed_only
mov_beautiful_creatures_2013_906f85,Beautiful Creatures,2013,https://en.wikipedia.org/wiki/Beautiful_Creatures_(2013_film),,,,seed_only
mov_before_i_go_to_sleep_2014_62f00d,Before I Go to Sleep,2014,https://en.wikipedia.org/wiki/Before_I_Go_to_Sleep_(film),,,,seed_only
mov_ben_hur_2016_1c95df,Ben-Hur,2016,https://en.wikipedia.org/wiki/Ben-Hur_(2016_film),,,,seed_only
mov_beyond_the_lights_2014_1af34b,Beyond the Lights,2014,https://en.wikipedia.org/wiki/Beyond_the_Lights,,,,seed_only
mov_big_eyes_2014_928a9a,Big Eyes,2014,https://en.wikipedia.org/wiki/Big_Eyes,,,,seed_only
mov_black_mass_2015_89e027,Black Mass,2015,https://en.wikipedia.org/wiki/Black_Mass_(film),,,,seed_only
mov_blackhat_2015_c96081,Blackhat,2015,https://en.wikipedia.org/wiki/Blackhat_(film),,,,seed_only
mov_blended_2014_ca708e,Blended,2014,https://en.wikipedia.org/wiki/Blended_(film),,,,seed_only
mov_blue_jasmine_2013_af8735,Blue Jasmine,2013,https://en.wikipedia.org/wiki/Blue_Jasmine,,,,seed_only
mov_boyhood_2014_62596f,Boyhood,2014,https://en.wikipedia.org/wiki/Boyhood_(film),,,,seed_only
mov_brick_mansions_2014_d18618,Brick Mansions,2014,https://en.wikipedia.org/wiki/Brick_Mansions,,,,seed_only
mov_bridge_of_spies_2015_8f66b7,Bridge of Spies,2015,https://en.wikipedia.org/wiki/Bridge_of_Spies_(film),,,,seed_only
mov_brooklyn_2015_bcdc9f,Brooklyn,2015,https://en.wikipedia.org/wiki/Brooklyn_(film),,,,seed_only
mov_bullet_to_the_head_2013_30481b,Bullet to the Head,2013,https://en.wikipedia.org/wiki/Bullet_to_the_Head,,,,seed_only
mov_burnt_2015_507a0d,Burnt,2015,https://en.wikipedia.org/wiki/Burnt_(film),,,,seed_only
mov_by_the_sea_2015_6ac30b,By the Sea,2015,https://en.wikipedia.org/wiki/By_the_Sea_(2015_film),,,,seed_only
mov_captain_america_the_winter_soldier_2014_8971fc,Captain America: The Winter Soldier,2014,https://en.wikipedia.org/wiki/Captain_America:_The_Winter_Soldier,,,,seed_only
mov_captive_2015_6f4c02,Captive,2015,https://en.wikipedia.org/wiki/Captive_(2015_film),,,,seed_only
mov_carol_2015_5edad6,Carol,2015,https://en.wikipedia.org/wiki/Carol_(film),,,,seed_only
mov_central_intelligence_2016_2164c6,Central Intelligence,2016,https://en.wikipedia.org/wiki/Central_Intelligence,,,,seed_only
mov_cesar_chavez_2014_daf024,Cesar Chavez,2014,https://en.wikipedia.org/wiki/Cesar_Chavez_(film),,,,seed_only
mov_chappie_2015_8e2e2f,Chappie,2015,https://en.wikipedia.org/wiki/Chappie_(film),,,,seed_only
mov_chasing_mavericks_2012_e6ec2e,Chasing Mavericks,2012,https://en.wikipedia.org/wiki/Chasing_Mavericks,,,,seed_only
mov_chef_2014_030731,Chef,2014,https://en.wikipedia.org/wiki/Chef_(film),,,,seed_only
mov_chernobyl_diaries_2012_c7a4bc,Chernobyl Diaries,2012,https://en.wikipedia.org/wiki/Chernobyl_Diaries,,,,seed_only
mov_child_44_2015_ce1226,Child 44,2015,https://en.wikipedia.org/wiki/Child_44_(film),,,,seed_only
mov_chronicle_2012_645a38,Chronicle,2012,https://en.wikipedia.org/wiki/Chronicle_(film),,,,seed_only
mov_cloud_atlas_2012_7d8300,Cloud Atlas,2012,https://en.wikipedia.org/wiki/Cloud_Atlas_(film),,,,seed_only
mov_cloudy_with_a_chance_of_meatballs_2_2013_c6673d,Cloudy with a Chance of Meatballs 2,2013,https://en.wikipedia.org/wiki/Cloudy_with_a_Chance_of_Meatballs_2,,,,seed_only
mov_concussion_2015_4ea3d7,Concussion,2015,https://en.wikipedia.org/wiki/Concussion_(2015_film),,,,seed_only
mov_creed_2015_9f59bf,Creed,2015,https://en.wikipedia.org/wiki/Creed_(film),,,,seed_only
mov_criminal_2016_8fa756,Criminal,2016,https://en.wikipedia.org/wiki/Criminal_(2016_film),,,,seed_only
mov_crimson_peak_2015_4dadaa,Crimson Peak,2015,https://en.wikipedia.org/wiki/Crimson_Peak,,,,seed_only
mov_daddy_s_home_2015_30daa2,Daddy's Home,2015,https://en.wikipedia.org/wiki/Daddy%2527s_Home_(film),,,,seed_only
mov_danny_collins_2015_4772c9,Danny Collins,2015,https://en.wikipedia.org/wiki/Danny_Collins_(film),,,,seed_only
mov_dark_shadows_2012_de572a,Dark Shadows,2012,https://en.wikipedia.org/wiki/Dark_Shadows_(film),,,,seed_only
mov_dark_skies_2013_02985d,Dark Skies,2013,https://en.wikipedia.org/wiki/Dark_Skies_(film),,,,seed_only
mov_dawn_of_the_planet_of_the_apes_2014_cedf6e,Dawn of the Planet of the Apes,2014,https://en.wikipedia.org/wiki/Dawn_of_the_Planet_of_the_Apes,,,,seed_only
mov_dead_man_down_2013_6071e9,Dead Man Down,2013,https://en.wikipedia.org/wiki/Dead_Man_Down,,,,seed_only
mov_deadpool_2016_c3e82c,Deadpool,2016,https://en.wikipedia.org/wiki/Deadpool_(film),,,,seed_only
mov_declaration_of_war_2012_f92177,Declaration of War,2012,https://en.wikipedia.org/wiki/Declaration_of_War_(film),,,,seed_only
mov_deliver_us_from_evil_2014_6ec673,Deliver Us from Evil,2014,https://en.wikipedia.org/wiki/Deliver_Us_from_Evil_(2014_film),,,,seed_only
mov_despicable_me_2_2013_f75bad,Despicable Me 2,2013,https://en.wikipedia.org/wiki/Despicable_Me_2,,,,seed_only
mov_devil_s_due_2014_e63df5,Devil's Due,2014,https://en.wikipedia.org/wiki/Devil%2527s_Due_(film),,,,seed_only
mov_diary_of_a_wimpy_kid_dog_days_2012_dfdbcd,Diary of a Wimpy Kid: Dog Days,2012,https://en.wikipedia.org/wiki/Diary_of_a_Wimpy_Kid:_Dog_Days_(film),,,,seed_only
mov_divergent_2014_9d9086,Divergent,2014,https://en.wikipedia.org/wiki/Divergent_(film),,,,seed_only
mov_django_unchained_2012_88151e,Django Unchained,2012,https://en.wikipedia.org/wiki/Django_Unchained,,,,seed_only
mov_dolphin_tale_2_2014_73f362,Dolphin Tale 2,2014,https://en.wikipedia.org/wiki/Dolphin_Tale_2,,,,seed_only
mov_don_t_breathe_2016_2393a2,Don't Breathe,2016,https://en.wikipedia.org/wiki/Don%2527t_Breathe_(2016_film),,,,seed_only
mov_dr_seuss_the_lorax_2012_9a3a1a,Dr. Seuss' The Lorax,2012,https://en.wikipedia.org/wiki/The_Lorax_(film),,,,seed_only
mov_dracula_untold_2014_0fcca7,Dracula Untold,2014,https://en.wikipedia.org/wiki/Dracula_Untold,,,,seed_only
mov_draft_day_2014_3a5a72,Draft Day,2014,https://en.wikipedia.org/wiki/Draft_Day,,,,seed_only
mov_dragon_blade_2015_e901c6,Dragon Blade,2015,https://en.wikipedia.org/wiki/Dragon_Blade_(film),,,,seed_only
mov_dumb_and_dumber_to_2014_46dff2,Dumb and Dumber To,2014,https://en.wikipedia.org/wiki/Dumb_and_Dumber_To,,,,seed_only
mov_earth_to_echo_2014_4eec0e,Earth to Echo,2014,https://en.wikipedia.org/wiki/Earth_to_Echo,,,,seed_only
mov_eddie_the_eagle_2016_0be4f1,Eddie the Eagle,2016,https://en.wikipedia.org/wiki/Eddie_the_Eagle_(film),,,,seed_only
mov_edge_of_tomorrow_2014_f531e0,Edge of Tomorrow,2014,https://en.wikipedia.org/wiki/Edge_of_Tomorrow_(film),,,,seed_only
mov_elysium_2013_493f77,Elysium,2013,https://en.wikipedia.org/wiki/Elysium_(film),,,,seed_only
mov_embrace_of_the_serpent_2015_fb36c6,Embrace of the Serpent,2015,https://en.wikipedia.org/wiki/Embrace_of_the_Serpent,,,,seed_only
mov_end_of_watch_2012_81af36,End of Watch,2012,https://en.wikipedia.org/wiki/End_of_Watch,,,,seed_only
mov_enough_said_2013_300526,Enough Said,2013,https://en.wikipedia.org/wiki/Enough_Said_(film),,,,seed_only
mov_entourage_2015_84cff6,Entourage,2015,https://en.wikipedia.org/wiki/Entourage_(film),,,,seed_only
mov_epic_2013_76b8e8,Epic,2013,https://en.wikipedia.org/wiki/Epic_(2013_film),,,,seed_only
mov_escape_from_planet_earth_2013_de734a,Escape from Planet Earth,2013,https://en.wikipedia.org/wiki/Escape_from_Planet_Earth,,,,seed_only
mov_evil_dead_2013_875f90,Evil Dead,2013,https://en.wikipedia.org/wiki/Evil_Dead_(2013_film),,,,seed_only
mov_ex_machina_2015_bb588c,Ex Machina,2015,https://en.wikipedia.org/wiki/Ex_Machina_(film),,,,seed_only
mov_eye_in_the_sky_2015_a5fee5,Eye in the Sky,2015,https://en.wikipedia.org/wiki/Eye_in_the_Sky_(2015_film),,,,seed_only
mov_fantastic_four_2015_19e0e8,Fantastic Four,2015,https://en.wikipedia.org/wiki/Fantastic_Four_(2015_film),,,,seed_only
mov_fast_furious_6_2013_8eba99,Fast & Furious 6,2013,https://en.wikipedia.org/wiki/Fast_%2526_Furious_6,,,,seed_only
mov_flight_2012_14d22d,Flight,2012,https://en.wikipedia.org/wiki/Flight_(2012_film),,,,seed_only
mov_florence_foster_jenkins_2016_44ecdf,Florence Foster Jenkins,2016,https://en.wikipedia.org/wiki/Florence_Foster_Jenkins_(film),,,,seed_only
mov_frances_ha_2013_dc1053,Frances Ha,2013,https://en.wikipedia.org/wiki/Frances_Ha,,,,seed_only
mov_free_state_of_jones_2016_8471ed,Free State of Jones,2016,https://en.wikipedia.org/wiki/Free_State_of_Jones_(film),,,,seed_only
mov_friends_with_kids_2012_2e614b,Friends with Kids,2012,https://en.wikipedia.org/wiki/Friends_with_Kids,,,,seed_only
mov_fun_size_2012_725b1a,Fun Size,2012,https://en.wikipedia.org/wiki/Fun_Size,,,,seed_only
mov_fury_2014_300bf7,Fury,2014,https://en.wikipedia.org/wiki/Fury_(2014_film),,,,seed_only
mov_g_i_joe_retaliation_2013_8b589f,G.I. Joe: Retaliation,2013,https://en.wikipedia.org/wiki/G.I._Joe:_Retaliation,,,,seed_only
mov_gangster_squad_2013_346223,Gangster Squad,2013,https://en.wikipedia.org/wiki/Gangster_Squad,,,,seed_only
mov_get_hard_2015_bbebbf,Get Hard,2015,https://en.wikipedia.org/wiki/Get_Hard,,,,seed_only
mov_get_on_up_2014_9599d8,Get on Up,2014,https://en.wikipedia.org/wiki/Get_on_Up_(film),,,,seed_only
mov_getaway_2013_4c3919,Getaway,2013,https://en.wikipedia.org/wiki/Getaway_(film),,,,seed_only
mov_ghost_rider_spirit_of_vengeance_2012_c0a458,Ghost Rider: Spirit of Vengeance,2012,https://en.wikipedia.org/wiki/Ghost_Rider:_Spirit_of_Vengeance,,,,seed_only
mov_ghostbusters_2016_c99caa,Ghostbusters,2016,https://en.wikipedia.org/wiki/Ghostbusters_(2016_film),,,,seed_only
mov_god_s_not_dead_2014_d557b0,God's Not Dead,2014,https://en.wikipedia.org/wiki/God%2527s_Not_Dead_(film),,,,seed_only
mov_god_s_not_dead_2_2016_46018f,God's Not Dead 2,2016,https://en.wikipedia.org/wiki/God%2527s_Not_Dead_2,,,,seed_only
mov_gods_of_egypt_2016_cc0090,Gods of Egypt,2016,https://en.wikipedia.org/wiki/Gods_of_Egypt_(film),,,,seed_only
mov_godzilla_2014_92550e,Godzilla,2014,https://en.wikipedia.org/wiki/Godzilla_(2014_film),,,,seed_only
mov_gone_girl_2014_643b4f,Gone Girl,2014,https://en.wikipedia.org/wiki/Gone_Girl_(film),,,,seed_only
mov_good_deeds_2012_6c8c52,Good Deeds,2012,https://en.wikipedia.org/wiki/Good_Deeds,,,,seed_only
mov_goosebumps_2015_f355f4,Goosebumps,2015,https://en.wikipedia.org/wiki/Goosebumps_(film),,,,seed_only
mov_grown_ups_2_2013_6361d1,Grown Ups 2,2013,https://en.wikipedia.org/wiki/Grown_Ups_2,,,,seed_only
mov_hail_caesar_2016_cbe22d,"Hail, Caesar!",2016,"https://en.wikipedia.org/wiki/Hail,_Caesar!",,,,seed_only
mov_hands_of_stone_2016_d7dea3,Hands of Stone,2016,https://en.wikipedia.org/wiki/Hands_of_Stone,,,,seed_only
mov_hansel_and_gretel_witch_hunters_2013_d67e80,Hansel and Gretel: Witch Hunters,2013,https://en.wikipedia.org/wiki/Hansel_and_Gretel:_Witch_Hunters,,,,seed_only
mov_heaven_is_for_real_2014_cc80ab,Heaven Is for Real,2014,https://en.wikipedia.org/wiki/Heaven_Is_for_Real_(film),,,,seed_only
mov_here_comes_the_boom_2012_10c9d2,Here Comes the Boom,2012,https://en.wikipedia.org/wiki/Here_Comes_the_Boom,,,,seed_only
mov_hit_and_run_2012_361236,Hit and Run,2012,https://en.wikipedia.org/wiki/Hit_and_Run_(2012_film),,,,seed_only
mov_hitman_agent_47_2015_4eb014,Hitman: Agent 47,2015,https://en.wikipedia.org/wiki/Hitman:_Agent_47,,,,seed_only
mov_home_2015_a464a3,Home,2015,https://en.wikipedia.org/wiki/Home_(2015_animated_film),,,,seed_only
mov_hope_springs_2012_aa8fa4,Hope Springs,2012,https://en.wikipedia.org/wiki/Hope_Springs_(2012_film),,,,seed_only
mov_horrible_bosses_2_2014_04bc60,Horrible Bosses 2,2014,https://en.wikipedia.org/wiki/Horrible_Bosses_2,,,,seed_only
mov_hot_pursuit_2015_5d2ba0,Hot Pursuit,2015,https://en.wikipedia.org/wiki/Hot_Pursuit_(2015_film),,,,seed_only
mov_hotel_transylvania_2012_ec552c,Hotel Transylvania,2012,https://en.wikipedia.org/wiki/Hotel_Transylvania,,,,seed_only
mov_hotel_transylvania_2_2015_424e59,Hotel Transylvania 2,2015,https://en.wikipedia.org/wiki/Hotel_Transylvania_2,,,,seed_only
mov_how_to_train_your_dragon_2_2014_9abc6b,How to Train Your Dragon 2,2014,https://en.wikipedia.org/wiki/How_to_Train_Your_Dragon_2,,,,seed_only
mov_i_2015_3650ce,I,2015,https://en.wikipedia.org/wiki/I_(film),,,,seed_only
mov_i_saw_the_light_2015_c0bfa8,I Saw the Light,2015,https://en.wikipedia.org/wiki/I_Saw_the_Light_(film),,,,seed_only
mov_ice_age_collision_course_2016_31fea1,Ice Age: Collision Course,2016,https://en.wikipedia.org/wiki/Ice_Age:_Collision_Course,,,,seed_only
mov_ice_age_continental_drift_2012_1a5c9b,Ice Age: Continental Drift,2012,https://en.wikipedia.org/wiki/Ice_Age:_Continental_Drift,,,,seed_only
mov_identity_thief_2013_fca51d,Identity Thief,2013,https://en.wikipedia.org/wiki/Identity_Thief,,,,seed_only
mov_if_i_stay_2014_406424,If I Stay,2014,https://en.wikipedia.org/wiki/If_I_Stay_(film),,,,seed_only
mov_in_the_heart_of_the_sea_2015_d9ea12,In the Heart of the Sea,2015,https://en.wikipedia.org/wiki/In_the_Heart_of_the_Sea_(film),,,,seed_only
mov_independence_day_resurgence_2016_83754e,Independence Day: Resurgence,2016,https://en.wikipedia.org/wiki/Independence_Day:_Resurgence,,,,seed_only
mov_insidious_chapter_2_2013_47cf9f,Insidious: Chapter 2,2013,https://en.wikipedia.org/wiki/Insidious:_Chapter_2,,,,seed_only
mov_insidious_chapter_3_2015_940b98,Insidious: Chapter 3,2015,https://en.wikipedia.org/wiki/Insidious:_Chapter_3,,,,seed_only
mov_interstellar_2014_7becf7,Interstellar,2014,https://en.wikipedia.org/wiki/Interstellar_(film),,,,seed_only
mov_into_the_storm_2014_55ac4f,Into the Storm,2014,https://en.wikipedia.org/wiki/Into_the_Storm_(2014_film),,,,seed_only
mov_iron_sky_2012_b7610c,Iron Sky,2012,https://en.wikipedia.org/wiki/Iron_Sky,,,,seed_only
mov_irrational_man_2015_9c9007,Irrational Man,2015,https://en.wikipedia.org/wiki/Irrational_Man_(film),,,,seed_only
mov_jack_reacher_2012_35a638,Jack Reacher,2012,https://en.wikipedia.org/wiki/Jack_Reacher_(film),,,,seed_only
mov_jack_ryan_shadow_recruit_2014_5602d3,Jack Ryan: Shadow Recruit,2014,https://en.wikipedia.org/wiki/Jack_Ryan:_Shadow_Recruit,,,,seed_only
mov_jane_got_a_gun_2016_535baf,Jane Got a Gun,2016,https://en.wikipedia.org/wiki/Jane_Got_a_Gun,,,,seed_only
mov_jason_bourne_2016_577c72,Jason Bourne,2016,https://en.wikipedia.org/wiki/Jason_Bourne_(film),,,,seed_only
mov_jeff_who_lives_at_home_2012_a13b75,"Jeff, Who Lives at Home",2012,"https://en.wikipedia.org/wiki/Jeff,_Who_Lives_at_Home",,,,seed_only
mov_jem_and_the_holograms_2015_90827b,Jem and the Holograms,2015,https://en.wikipedia.org/wiki/Jem_and_the_Holograms_(film),,,,seed_only
mov_jersey_boys_2014_7ea185,Jersey Boys,2014,https://en.wikipedia.org/wiki/Jersey_Boys_(film),,,,seed_only
mov_jobs_2013_fb5775,Jobs,2013,https://en.wikipedia.org/wiki/Jobs_(film),,,,seed_only
mov_john_wick_2014_33c569,John Wick,2014,https://en.wikipedia.org/wiki/John_Wick_(film),,,,seed_only
mov_journey_2_the_mysterious_island_2012_06583c,Journey 2: The Mysterious Island,2012,https://en.wikipedia.org/wiki/Journey_2:_The_Mysterious_Island,,,,seed_only
mov_joy_2015_f5c55c,Joy,2015,https://en.wikipedia.org/wiki/Joy_(film),,,,seed_only
mov_keanu_2016_6e88b6,Keanu,2016,https://en.wikipedia.org/wiki/Keanu_(film),,,,seed_only
mov_kill_the_messenger_2014_00d3d4,Kill the Messenger,2014,https://en.wikipedia.org/wiki/Kill_the_Messenger_(2014_film),,,,seed_only
mov_killing_them_softly_2012_f9ece3,Killing Them Softly,2012,https://en.wikipedia.org/wiki/Killing_Them_Softly,,,,seed_only
mov_kingsman_the_secret_service_2014_ca649f,Kingsman: The Secret Service,2014,https://en.wikipedia.org/wiki/Kingsman:_The_Secret_Service,,,,seed_only
mov_krampus_2015_7de987,Krampus,2015,https://en.wikipedia.org/wiki/Krampus_(film),,,,seed_only
mov_kubo_and_the_two_strings_2016_092896,Kubo and the Two Strings,2016,https://en.wikipedia.org/wiki/Kubo_and_the_Two_Strings,,,,seed_only
mov_kung_fu_panda_3_2016_2a837a,Kung Fu Panda 3,2016,https://en.wikipedia.org/wiki/Kung_Fu_Panda_3,,,,seed_only
mov_lazer_team_2016_52b138,Lazer Team,2016,https://en.wikipedia.org/wiki/Lazer_Team,,,,seed_only
mov_left_behind_2014_988e60,Left Behind,2014,https://en.wikipedia.org/wiki/Left_Behind_(2014_film),,,,seed_only
mov_les_miserables_2012_7386b1,Les Misérables,2012,https://en.wikipedia.org/wiki/Les_Mis%25C3%25A9rables_(2012_film),,,,seed_only
mov_let_s_be_cops_2014_0e5b2f,Let's Be Cops,2014,https://en.wikipedia.org/wiki/Let%2527s_Be_Cops,,,,seed_only
mov_life_of_pi_2012_15308e,Life of Pi,2012,https://en.wikipedia.org/wiki/Life_of_Pi_(film),,,,seed_only
mov_lights_out_2016_30d411,Lights Out,2016,https://en.wikipedia.org/wiki/Lights_Out_(2016_film),,,,seed_only
mov_lincoln_2012_4572a3,Lincoln,2012,https://en.wikipedia.org/wiki/Lincoln_(2012_film),,,,seed_only
mov_little_boy_2015_b161af,Little Boy,2015,https://en.wikipedia.org/wiki/Little_Boy_(film),,,,seed_only
mov_lockout_2012_08bce6,Lockout,2012,https://en.wikipedia.org/wiki/Lockout_(film),,,,seed_only
mov_london_has_fallen_2016_780ddb,London Has Fallen,2016,https://en.wikipedia.org/wiki/London_Has_Fallen,,,,seed_only
mov_looper_2012_c4a7ef,Looper,2012,https://en.wikipedia.org/wiki/Looper_(film),,,,seed_only
mov_love_the_coopers_2015_f9a234,Love the Coopers,2015,https://en.wikipedia.org/wiki/Love_the_Coopers,,,,seed_only
mov_lucy_2014_f15b83,Lucy,2014,https://en.wikipedia.org/wiki/Lucy_(2014_film),,,,seed_only
mov_mad_max_fury_road_2015_3b2302,Mad Max: Fury Road,2015,https://en.wikipedia.org/wiki/Mad_Max:_Fury_Road,,,,seed_only
mov_madagascar_3_europe_s_most_wanted_2012_d89227,Madagascar 3: Europe's Most Wanted,2012,https://en.wikipedia.org/wiki/Madagascar_3:_Europe%2527s_Most_Wanted,,,,seed_only
mov_magic_in_the_moonlight_2014_dcf7d6,Magic in the Moonlight,2014,https://en.wikipedia.org/wiki/Magic_in_the_Moonlight,,,,seed_only
mov_mama_2013_027573,Mama,2013,https://en.wikipedia.org/wiki/Mama_(2013_film),,,,seed_only
mov_man_of_steel_2013_918825,Man of Steel,2013,https://en.wikipedia.org/wiki/Man_of_Steel_(film),,,,seed_only
mov_man_on_a_ledge_2012_d2c118,Man on a Ledge,2012,https://en.wikipedia.org/wiki/Man_on_a_Ledge,,,,seed_only
mov_max_2015_08d2bd,Max,2015,https://en.wikipedia.org/wiki/Max_(2015_film),,,,seed_only
mov_maze_runner_the_scorch_trials_2015_6b7acf,Maze Runner: The Scorch Trials,2015,https://en.wikipedia.org/wiki/Maze_Runner:_The_Scorch_Trials,,,,seed_only
mov_me_and_earl_and_the_dying_girl_2015_876218,Me and Earl and the Dying Girl,2015,https://en.wikipedia.org/wiki/Me_and_Earl_and_the_Dying_Girl_(film),,,,seed_only
mov_me_before_you_2016_504044,Me Before You,2016,https://en.wikipedia.org/wiki/Me_Before_You_(film),,,,seed_only
mov_mechanic_resurrection_2016_6d0d6a,Mechanic: Resurrection,2016,https://en.wikipedia.org/wiki/Mechanic:_Resurrection,,,,seed_only
mov_men_in_black_3_2012_17a291,Men in Black 3,2012,https://en.wikipedia.org/wiki/Men_in_Black_3,,,,seed_only
mov_midnight_special_2016_72b12a,Midnight Special,2016,https://en.wikipedia.org/wiki/Midnight_Special_(film),,,,seed_only
mov_miracles_from_heaven_2016_885627,Miracles from Heaven,2016,https://en.wikipedia.org/wiki/Miracles_from_Heaven_(film),,,,seed_only
mov_mirror_mirror_2012_f3342d,Mirror Mirror,2012,https://en.wikipedia.org/wiki/Mirror_Mirror_(film),,,,seed_only
mov_mission_impossible_rogue_nation_2015_695740,Mission: Impossible – Rogue Nation,2015,https://en.wikipedia.org/wiki/Mission:_Impossible_%25E2%2580%2593_Rogue_Nation,,,,seed_only
mov_moms_night_out_2014_0f1575,Moms' Night Out,2014,https://en.wikipedia.org/wiki/Moms%2527_Night_Out,,,,seed_only
mov_money_monster_2016_18ea53,Money Monster,2016,https://en.wikipedia.org/wiki/Money_Monster,,,,seed_only
mov_monster_hunt_2016_7aa9aa,Monster Hunt,2016,https://en.wikipedia.org/wiki/Monster_Hunt,,,,seed_only
mov_moonrise_kingdom_2012_7b6ff4,Moonrise Kingdom ₪,2012,https://en.wikipedia.org/wiki/Moonrise_Kingdom,,,,seed_only
mov_mortdecai_2015_f47159,Mortdecai,2015,https://en.wikipedia.org/wiki/Mortdecai_(film),,,,seed_only
mov_mother_s_day_2016_9a3870,Mother's Day,2016,https://en.wikipedia.org/wiki/Mother%2527s_Day_(2016_film),,,,seed_only
mov_mr_peabody_sherman_2014_11692b,Mr. Peabody & Sherman,2014,https://en.wikipedia.org/wiki/Mr._Peabody_%2526_Sherman,,,,seed_only
mov_mud_2013_5ee5cd,Mud,2013,https://en.wikipedia.org/wiki/Mud_(2012_film),,,,seed_only
mov_mustang_2015_4fb3d7,Mustang,2015,https://en.wikipedia.org/wiki/Mustang_(film),,,,seed_only
mov_my_all_american_2015_5bb9e0,My All American,2015,https://en.wikipedia.org/wiki/My_All_American,,,,seed_only
mov_my_big_fat_greek_wedding_2_2016_660996,My Big Fat Greek Wedding 2,2016,https://en.wikipedia.org/wiki/My_Big_Fat_Greek_Wedding_2,,,,seed_only
mov_need_for_speed_2014_4e3e0e,Need for Speed,2014,https://en.wikipedia.org/wiki/Need_for_Speed_(film),,,,seed_only
mov_neighbors_2014_b4ab19,Neighbors,2014,https://en.wikipedia.org/wiki/Neighbors_(2014_film),,,,seed_only
mov_neighbors_2_sorority_rising_2016_54f827,Neighbors 2: Sorority Rising,2016,https://en.wikipedia.org/wiki/Neighbors_2:_Sorority_Rising,,,,seed_only
mov_nerve_2016_541a5e,Nerve,2016,https://en.wikipedia.org/wiki/Nerve_(2016_film),,,,seed_only
mov_night_at_the_museum_secret_of_the_tomb_2014_b69f46,Night at the Museum: Secret of the Tomb,2014,https://en.wikipedia.org/wiki/Night_at_the_Museum:_Secret_of_the_Tomb,,,,seed_only
mov_nightcrawler_2014_d9e1d3,Nightcrawler,2014,https://en.wikipedia.org/wiki/Nightcrawler_(film),,,,seed_only
mov_nine_lives_2016_d3d7ff,Nine Lives,2016,https://en.wikipedia.org/wiki/Nine_Lives_(2016_film),,,,seed_only
mov_no_escape_2015_29da91,No Escape,2015,https://en.wikipedia.org/wiki/No_Escape_(2015_film),,,,seed_only
mov_no_good_deed_2014_24b5b0,No Good Deed,2014,https://en.wikipedia.org/wiki/No_Good_Deed_(2014_film),,,,seed_only
mov_no_one_lives_2013_78e50a,No One Lives,2013,https://en.wikipedia.org/wiki/No_One_Lives,,,,seed_only
mov_noah_2014_3e5ed3,Noah,2014,https://en.wikipedia.org/wiki/Noah_(2014_film),,,,seed_only
mov_non_stop_2014_9c6570,Non-Stop,2014,https://en.wikipedia.org/wiki/Non-Stop_(film),,,,seed_only
mov_now_you_see_me_2013_7b81f2,Now You See Me,2013,https://en.wikipedia.org/wiki/Now_You_See_Me_(film),,,,seed_only
mov_now_you_see_me_2_2016_27bc92,Now You See Me 2,2016,https://en.wikipedia.org/wiki/Now_You_See_Me_2,,,,seed_only
mov_oblivion_2013_d1467e,Oblivion,2013,https://en.wikipedia.org/wiki/Oblivion_(2013_film),,,,seed_only
mov_olympus_has_fallen_2013_2f69ac,Olympus Has Fallen,2013,https://en.wikipedia.org/wiki/Olympus_Has_Fallen,,,,seed_only
mov_one_direction_this_is_us_2013_ffbbd0,One Direction: This Is Us,2013,https://en.wikipedia.org/wiki/One_Direction:_This_Is_Us,,,,seed_only
mov_one_for_the_money_2012_9407cb,One for the Money,2012,https://en.wikipedia.org/wiki/One_for_the_Money_(film),,,,seed_only
mov_ouija_2014_d39cb5,Ouija,2014,https://en.wikipedia.org/wiki/Ouija_(2014_film),,,,seed_only
mov_our_brand_is_crisis_2015_45794a,Our Brand Is Crisis,2015,https://en.wikipedia.org/wiki/Our_Brand_Is_Crisis_(2015_film),,,,seed_only
mov_pacific_rim_2013_3a8452,Pacific Rim,2013,https://en.wikipedia.org/wiki/Pacific_Rim_(film),,,,seed_only
mov_pain_gain_2013_ad6f5b,Pain & Gain,2013,https://en.wikipedia.org/wiki/Pain_%2526_Gain,,,,seed_only
mov_pan_2015_a9f172,Pan,2015,https://en.wikipedia.org/wiki/Pan_(2015_film),,,,seed_only
mov_paper_towns_2015_3b0759,Paper Towns,2015,https://en.wikipedia.org/wiki/Paper_Towns_(film),,,,seed_only
mov_paranormal_activity_4_2012_e85b85,Paranormal Activity 4,2012,https://en.wikipedia.org/wiki/Paranormal_Activity_4,,,,seed_only
mov_paranormal_activity_the_ghost_dimension_2015_49c3d9,Paranormal Activity: The Ghost Dimension,2015,https://en.wikipedia.org/wiki/Paranormal_Activity:_The_Ghost_Dimension,,,,seed_only
mov_paranorman_2012_a3ffee,ParaNorman,2012,https://en.wikipedia.org/wiki/ParaNorman,,,,seed_only
mov_parental_guidance_2012_adc01c,Parental Guidance,2012,https://en.wikipedia.org/wiki/Parental_Guidance_(film),,,,seed_only
mov_parker_2013_95b36c,Parker,2013,https://en.wikipedia.org/wiki/Parker_(2013_film),,,,seed_only
mov_paul_blart_mall_cop_2_2015_5478ca,Paul Blart: Mall Cop 2,2015,https://en.wikipedia.org/wiki/Paul_Blart:_Mall_Cop_2,,,,seed_only
mov_pawn_sacrifice_2015_087423,Pawn Sacrifice,2015,https://en.wikipedia.org/wiki/Pawn_Sacrifice,,,,seed_only
mov_penguins_of_madagascar_2014_ed77e7,Penguins of Madagascar,2014,https://en.wikipedia.org/wiki/Penguins_of_Madagascar,,,,seed_only
mov_people_like_us_2012_2647e7,People Like Us,2012,https://en.wikipedia.org/wiki/People_Like_Us_(film),,,,seed_only
mov_percy_jackson_sea_of_monsters_2013_e0d608,Percy Jackson: Sea of Monsters,2013,https://en.wikipedia.org/wiki/Percy_Jackson:_Sea_of_Monsters,,,,seed_only
mov_pitch_perfect_2012_0a82a6,Pitch Perfect,2012,https://en.wikipedia.org/wiki/Pitch_Perfect,,,,seed_only
mov_pitch_perfect_2_2015_3074f1,Pitch Perfect 2,2015,https://en.wikipedia.org/wiki/Pitch_Perfect_2,,,,seed_only
mov_pixels_2015_10b706,Pixels,2015,https://en.wikipedia.org/wiki/Pixels_(2015_film),,,,seed_only
mov_point_break_2015_782b79,Point Break,2015,https://en.wikipedia.org/wiki/Point_Break_(2015_film),,,,seed_only
mov_polis_evo_2015_30b089,Polis Evo,2015,https://en.wikipedia.org/wiki/Polis_Evo,,,,seed_only
mov_poltergeist_2015_5ee318,Poltergeist,2015,https://en.wikipedia.org/wiki/Poltergeist_(2015_film),,,,seed_only
mov_pompeii_2014_5f04c8,Pompeii,2014,https://en.wikipedia.org/wiki/Pompeii_(film),,,,seed_only
mov_popstar_never_stop_never_stopping_2016_dbd047,Popstar: Never Stop Never Stopping,2016,https://en.wikipedia.org/wiki/Popstar:_Never_Stop_Never_Stopping,,,,seed_only
mov_premium_rush_2012_8b4476,Premium Rush,2012,https://en.wikipedia.org/wiki/Premium_Rush,,,,seed_only
mov_pride_and_prejudice_and_zombies_2016_dcca56,Pride and Prejudice and Zombies,2016,https://en.wikipedia.org/wiki/Pride_and_Prejudice_and_Zombies_(film),,,,seed_only
mov_prisoners_2013_a310f7,Prisoners,2013,https://en.wikipedia.org/wiki/Prisoners_(2013_film),,,,seed_only
mov_project_almanac_2015_a8bbb5,Project Almanac,2015,https://en.wikipedia.org/wiki/Project_Almanac,,,,seed_only
mov_project_x_2012_90bb1d,Project X,2012,https://en.wikipedia.org/wiki/Project_X_(2012_film),,,,seed_only
mov_prometheus_2012_e30a77,Prometheus,2012,https://en.wikipedia.org/wiki/Prometheus_(2012_film),,,,seed_only
mov_promised_land_2012_504c2c,Promised Land,2012,https://en.wikipedia.org/wiki/Promised_Land_(2012_film),,,,seed_only
mov_r_i_p_d_2013_d2f3f7,R.I.P.D.,2013,https://en.wikipedia.org/wiki/R.I.P.D.,,,,seed_only
mov_race_2016_ee9a3b,Race,2016,https://en.wikipedia.org/wiki/Race_(2016_film),,,,seed_only
mov_raiders_of_the_lost_ark_the_imax_experience_2012_a05c3b,Raiders of the Lost Ark: The IMAX Experience,2012,https://en.wikipedia.org/wiki/Raiders_of_the_Lost_Ark,,,,seed_only
mov_rams_2015_c971a1,Rams,2015,https://en.wikipedia.org/wiki/Rams_(film),,,,seed_only
mov_ratchet_clank_2016_e70783,Ratchet & Clank,2016,https://en.wikipedia.org/wiki/Ratchet_%2526_Clank_(film),,,,seed_only
mov_red_2_2013_edce70,RED 2,2013,https://en.wikipedia.org/wiki/RED_2_(film),,,,seed_only
mov_red_dawn_2012_86bea2,Red Dawn,2012,https://en.wikipedia.org/wiki/Red_Dawn_(2012_film),,,,seed_only
mov_red_tails_2012_7c3726,Red Tails,2012,https://en.wikipedia.org/wiki/Red_Tails,,,,seed_only
mov_resident_evil_retribution_2012_8cc73b,Resident Evil: Retribution,2012,https://en.wikipedia.org/wiki/Resident_Evil:_Retribution,,,,seed_only
mov_ricki_and_the_flash_2015_5f8709,Ricki and the Flash,2015,https://en.wikipedia.org/wiki/Ricki_and_the_Flash,,,,seed_only
mov_riddick_2013_156a52,Riddick,2013,https://en.wikipedia.org/wiki/Riddick_(film),,,,seed_only
mov_ride_along_2014_b6c489,Ride Along,2014,https://en.wikipedia.org/wiki/Ride_Along_(film),,,,seed_only
mov_ride_along_2_2016_37e4cb,Ride Along 2,2016,https://en.wikipedia.org/wiki/Ride_Along_2,,,,seed_only
mov_rio_2_2014_dbcb3e,Rio 2,2014,https://en.wikipedia.org/wiki/Rio_2,,,,seed_only
mov_rise_of_the_guardians_2012_c114ac,Rise of the Guardians,2012,https://en.wikipedia.org/wiki/Rise_of_the_Guardians,,,,seed_only
mov_risen_2016_9fceaf,Risen,2016,https://en.wikipedia.org/wiki/Risen_(2016_film),,,,seed_only
mov_robocop_2014_ffe5b8,RoboCop,2014,https://en.wikipedia.org/wiki/RoboCop_(2014_film),,,,seed_only
mov_robot_frank_2012_97f882,Robot & Frank,2012,https://en.wikipedia.org/wiki/Robot_%2526_Frank,,,,seed_only
mov_rock_of_ages_2012_750ea7,Rock of Ages,2012,https://en.wikipedia.org/wiki/Rock_of_Ages_(2012_film),,,,seed_only
mov_rock_the_kasbah_2015_5508d2,Rock the Kasbah,2015,https://en.wikipedia.org/wiki/Rock_the_Kasbah_(film),,,,seed_only
mov_romeo_and_juliet_2013_e61ff0,Romeo and Juliet,2013,https://en.wikipedia.org/wiki/Romeo_and_Juliet_(2013_film),,,,seed_only
mov_room_2015_239643,Room,2015,https://en.wikipedia.org/wiki/Room_(2015_film),,,,seed_only
mov_run_all_night_2015_25f115,Run All Night,2015,https://en.wikipedia.org/wiki/Run_All_Night_(film),,,,seed_only
mov_runner_runner_2013_e3f20c,"Runner, Runner",2013,"https://en.wikipedia.org/wiki/Runner,_Runner_(film)",,,,seed_only
mov_rush_2013_0af034,Rush,2013,https://en.wikipedia.org/wiki/Rush_(2013_film),,,,seed_only
mov_sabotage_2014_6740b9,Sabotage,2014,https://en.wikipedia.org/wiki/Sabotage_(2014_film),,,,seed_only
mov_safe_house_2012_9be096,Safe House,2012,https://en.wikipedia.org/wiki/Safe_House_(2012_film),,,,seed_only
mov_salmon_fishing_in_the_yemen_2012_8b0129,Salmon Fishing in the Yemen,2012,https://en.wikipedia.org/wiki/Salmon_Fishing_in_the_Yemen,,,,seed_only
mov_savages_2012_50f640,Savages,2012,https://en.wikipedia.org/wiki/Savages_(2012_film),,,,seed_only
mov_scary_movie_5_2013_6f1508,Scary Movie 5,2013,https://en.wikipedia.org/wiki/Scary_Movie_5,,,,seed_only
mov_secret_in_their_eyes_2015_d75282,Secret in Their Eyes,2015,https://en.wikipedia.org/wiki/Secret_in_Their_Eyes,,,,seed_only
mov_self_less_2015_6f2ca7,Self/less,2015,https://en.wikipedia.org/wiki/Self/less,,,,seed_only
mov_selma_2014_fa31d5,Selma,2014,https://en.wikipedia.org/wiki/Selma_(film),,,,seed_only
mov_seventh_son_2014_7ecefa,Seventh Son,2014,https://en.wikipedia.org/wiki/Seventh_Son_(film),,,,seed_only
mov_shaun_the_sheep_movie_2015_7667ea,Shaun the Sheep Movie,2015,https://en.wikipedia.org/wiki/Shaun_the_Sheep_Movie,,,,seed_only
mov_sicario_2015_7b0c81,Sicario,2015,https://en.wikipedia.org/wiki/Sicario_(2015_film),,,,seed_only
mov_side_effects_2013_be27d4,Side Effects,2013,https://en.wikipedia.org/wiki/Side_Effects_(2013_film),,,,seed_only
mov_silent_hill_revelation_3d_2012_5b4bee,Silent Hill: Revelation 3D,2012,https://en.wikipedia.org/wiki/Silent_Hill:_Revelation_3D,,,,seed_only
mov_silver_linings_playbook_2012_be98c4,Silver Linings Playbook,2012,https://en.wikipedia.org/wiki/Silver_Linings_Playbook,,,,seed_only
mov_sin_city_a_dame_to_kill_for_2014_d0f66f,Sin City: A Dame to Kill For,2014,https://en.wikipedia.org/wiki/Sin_City:_A_Dame_to_Kill_For,,,,seed_only
mov_sinister_2012_f06ca3,Sinister,2012,https://en.wikipedia.org/wiki/Sinister_(film),,,,seed_only
mov_sinister_2_2015_b9bfcd,Sinister 2,2015,https://en.wikipedia.org/wiki/Sinister_2,,,,seed_only
mov_sisters_2015_437881,Sisters,2015,https://en.wikipedia.org/wiki/Sisters_(2015_film),,,,seed_only
mov_snitch_2013_234675,Snitch,2013,https://en.wikipedia.org/wiki/Snitch_(film),,,,seed_only
mov_snow_white_and_the_huntsman_2012_3b1e2b,Snow White and the Huntsman,2012,https://en.wikipedia.org/wiki/Snow_White_and_the_Huntsman,,,,seed_only
mov_son_of_god_2014_faf0fb,Son of God,2014,https://en.wikipedia.org/wiki/Son_of_God_(film),,,,seed_only
mov_son_of_saul_2015_ba2951,Son of Saul,2015,https://en.wikipedia.org/wiki/Son_of_Saul,,,,seed_only
mov_southpaw_2015_9e20f9,Southpaw,2015,https://en.wikipedia.org/wiki/Southpaw_(film),,,,seed_only
mov_spotlight_2015_f3030a,Spotlight,2015,https://en.wikipedia.org/wiki/Spotlight_(film),,,,seed_only
mov_spy_2015_5328fa,Spy,2015,https://en.wikipedia.org/wiki/Spy_(2015_film),,,,seed_only
mov_st_vincent_2014_ad652a,St. Vincent,2014,https://en.wikipedia.org/wiki/St._Vincent_(film),,,,seed_only
mov_stand_by_me_doraemon_2014_0e268b,Stand by Me Doraemon,2014,https://en.wikipedia.org/wiki/Stand_by_Me_Doraemon,,,,seed_only
mov_star_trek_beyond_2016_792874,Star Trek Beyond,2016,https://en.wikipedia.org/wiki/Star_Trek_Beyond,,,,seed_only
mov_step_up_all_in_2014_ab9fdd,Step Up: All In,2014,https://en.wikipedia.org/wiki/Step_Up:_All_In,,,,seed_only
mov_steve_jobs_2015_26b3db,Steve Jobs,2015,https://en.wikipedia.org/wiki/Steve_Jobs_(2015_film),,,,seed_only
mov_straight_outta_compton_2015_ec0225,Straight Outta Compton,2015,https://en.wikipedia.org/wiki/Straight_Outta_Compton_(2015_film),,,,seed_only
mov_suffragette_2015_5b13af,Suffragette,2015,https://en.wikipedia.org/wiki/Suffragette_(film),,,,seed_only
mov_suicide_squad_2016_945a24,Suicide Squad,2016,https://en.wikipedia.org/wiki/Suicide_Squad_(film),,,,seed_only
mov_taken_2_2012_7cbd9e,Taken 2,2012,https://en.wikipedia.org/wiki/Taken_2,,,,seed_only
mov_tammy_2014_98c103,Tammy,2014,https://en.wikipedia.org/wiki/Tammy_(film),,,,seed_only
mov_ted_2012_37a7e0,Ted,2012,https://en.wikipedia.org/wiki/Ted_(film),,,,seed_only
mov_ted_2_2015_0bc8d1,Ted 2,2015,https://en.wikipedia.org/wiki/Ted_2,,,,seed_only
mov_teenage_mutant_ninja_turtles_2014_2849b1,Teenage Mutant Ninja Turtles,2014,https://en.wikipedia.org/wiki/Teenage_Mutant_Ninja_Turtles_(2014_film),,,,seed_only
mov_teenage_mutant_ninja_turtles_out_of_the_shadows_2016_8fbb7e,Teenage Mutant Ninja Turtles: Out of the Shadows,2016,https://en.wikipedia.org/wiki/Teenage_Mutant_Ninja_Turtles:_Out_of_the_Shadows,,,,seed_only
mov_terminator_genisys_2015_80a019,Terminator Genisys,2015,https://en.wikipedia.org/wiki/Terminator_Genisys,,,,seed_only
mov_texas_chainsaw_3d_2013_7680af,Texas Chainsaw 3D,2013,https://en.wikipedia.org/wiki/Texas_Chainsaw_3D,,,,seed_only
mov_that_awkward_moment_2014_93eb04,That Awkward Moment,2014,https://en.wikipedia.org/wiki/That_Awkward_Moment,,,,seed_only
mov_the_33_2015_d3ccf6,The 33,2015,https://en.wikipedia.org/wiki/The_33_(film),,,,seed_only
mov_the_5th_wave_2016_4e216a,The 5th Wave,2016,https://en.wikipedia.org/wiki/The_5th_Wave_(film),,,,seed_only
mov_the_age_of_adaline_2015_83bf3c,The Age of Adaline,2015,https://en.wikipedia.org/wiki/The_Age_of_Adaline,,,,seed_only
mov_the_amazing_spider_man_2012_660d52,The Amazing Spider-Man,2012,https://en.wikipedia.org/wiki/The_Amazing_Spider-Man_(2012_film),,,,seed_only
mov_the_angry_birds_movie_2016_78c2b0,The Angry Birds Movie,2016,https://en.wikipedia.org/wiki/The_Angry_Birds_Movie,,,,seed_only
mov_the_best_exotic_marigold_hotel_2012_42409e,The Best Exotic Marigold Hotel ₪,2012,https://en.wikipedia.org/wiki/The_Best_Exotic_Marigold_Hotel,,,,seed_only
mov_the_big_short_2015_8be854,The Big Short,2015,https://en.wikipedia.org/wiki/The_Big_Short_(film),,,,seed_only
mov_the_bling_ring_2013_dccda1,The Bling Ring,2013,https://en.wikipedia.org/wiki/The_Bling_Ring,,,,seed_only
mov_the_book_of_life_2014_eed726,The Book of Life,2014,https://en.wikipedia.org/wiki/The_Book_of_Life_(2014_film),,,,seed_only
mov_the_boss_2016_87ae53,The Boss,2016,https://en.wikipedia.org/wiki/The_Boss_(2016_film),,,,seed_only
mov_the_bourne_legacy_2012_819c98,The Bourne Legacy,2012,https://en.wikipedia.org/wiki/The_Bourne_Legacy_(film),,,,seed_only
mov_the_boxtrolls_2014_b06e20,The Boxtrolls,2014,https://en.wikipedia.org/wiki/The_Boxtrolls,,,,seed_only
mov_the_boy_2016_c0f841,The Boy,2016,https://en.wikipedia.org/wiki/The_Boy_(2016_film),,,,seed_only
mov_the_butler_2013_54d78b,The Butler,2013,https://en.wikipedia.org/wiki/The_Butler,,,,seed_only
mov_the_cabin_in_the_woods_2012_277dcc,The Cabin in the Woods,2012,https://en.wikipedia.org/wiki/The_Cabin_in_the_Woods,,,,seed_only
mov_the_call_2013_c11cc7,The Call,2013,https://en.wikipedia.org/wiki/The_Call_(2013_film),,,,seed_only
mov_the_campaign_2012_e8a482,The Campaign,2012,https://en.wikipedia.org/wiki/The_Campaign_(film),,,,seed_only
mov_the_cold_light_of_day_2012_b87e12,The Cold Light of Day,2012,https://en.wikipedia.org/wiki/The_Cold_Light_of_Day_(film),,,,seed_only
mov_the_collection_2012_8b8a41,The Collection,2012,https://en.wikipedia.org/wiki/The_Collection_(film),,,,seed_only
mov_the_conjuring_2013_5fd30d,The Conjuring,2013,https://en.wikipedia.org/wiki/The_Conjuring_(film),,,,seed_only
mov_the_conjuring_2_2016_594a70,The Conjuring 2,2016,https://en.wikipedia.org/wiki/The_Conjuring_2,,,,seed_only
mov_the_croods_2013_cda5f8,The Croods,2013,https://en.wikipedia.org/wiki/The_Croods,,,,seed_only
mov_the_danish_girl_2015_b012a1,The Danish Girl,2015,https://en.wikipedia.org/wiki/The_Danish_Girl_(film),,,,seed_only
mov_the_darkness_2016_d6cddc,The Darkness,2016,https://en.wikipedia.org/wiki/The_Darkness_(film),,,,seed_only
mov_the_devil_inside_2012_534f7a,The Devil Inside,2012,https://en.wikipedia.org/wiki/The_Devil_Inside_(film),,,,seed_only
mov_the_dictator_2012_5600ae,The Dictator,2012,https://en.wikipedia.org/wiki/The_Dictator_(2012_film),,,,seed_only
mov_the_divergent_series_allegiant_2016_706cad,The Divergent Series: Allegiant,2016,https://en.wikipedia.org/wiki/The_Divergent_Series:_Allegiant,,,,seed_only
mov_the_divergent_series_insurgent_2015_598875,The Divergent Series: Insurgent,2015,https://en.wikipedia.org/wiki/The_Divergent_Series:_Insurgent,,,,seed_only
mov_the_drop_2014_cf67f4,The Drop,2014,https://en.wikipedia.org/wiki/The_Drop_(film),,,,seed_only
mov_the_duff_2015_997cae,The Duff,2015,https://en.wikipedia.org/wiki/The_Duff,,,,seed_only
mov_the_east_2013_fe1942,The East,2013,https://en.wikipedia.org/wiki/The_East_(film),,,,seed_only
mov_the_equalizer_2014_79dcac,The Equalizer,2014,https://en.wikipedia.org/wiki/The_Equalizer_(film),,,,seed_only
mov_the_expendables_2_2012_09c622,The Expendables 2,2012,https://en.wikipedia.org/wiki/The_Expendables_2,,,,seed_only
mov_the_expendables_3_2014_18b9f1,The Expendables 3,2014,https://en.wikipedia.org/wiki/The_Expendables_3,,,,seed_only
mov_the_family_2013_80921b,The Family,2013,https://en.wikipedia.org/wiki/The_Family_(2013_film),,,,seed_only
mov_the_fault_in_our_stars_2014_451784,The Fault in Our Stars,2014,https://en.wikipedia.org/wiki/The_Fault_in_Our_Stars_(film),,,,seed_only
mov_the_five_year_engagement_2012_ddc212,The Five-Year Engagement,2012,https://en.wikipedia.org/wiki/The_Five-Year_Engagement,,,,seed_only
mov_the_forest_2016_056526,The Forest,2016,https://en.wikipedia.org/wiki/The_Forest_(2016_film),,,,seed_only
mov_the_gift_2015_fd9914,The Gift,2015,https://en.wikipedia.org/wiki/The_Gift_(2015_film),,,,seed_only
mov_the_giver_2014_81bd10,The Giver,2014,https://en.wikipedia.org/wiki/The_Giver_(film),,,,seed_only
mov_the_grand_budapest_hotel_2014_91d8cc,The Grand Budapest Hotel,2014,https://en.wikipedia.org/wiki/The_Grand_Budapest_Hotel,,,,seed_only
mov_the_great_gatsby_2013_5c9aae,The Great Gatsby,2013,https://en.wikipedia.org/wiki/The_Great_Gatsby_(2013_film),,,,seed_only
mov_the_grey_2012_3dbb32,The Grey,2012,https://en.wikipedia.org/wiki/The_Grey_(film),,,,seed_only
mov_the_gunman_2015_5d353b,The Gunman,2015,https://en.wikipedia.org/wiki/The_Gunman_(film),,,,seed_only
mov_the_hangover_part_iii_2013_6413b0,The Hangover Part III,2013,https://en.wikipedia.org/wiki/The_Hangover_Part_III,,,,seed_only
mov_the_hateful_eight_2015_af07b3,The Hateful Eight,2015,https://en.wikipedia.org/wiki/The_Hateful_Eight,,,,seed_only
mov_the_heat_2013_48cca6,The Heat,2013,https://en.wikipedia.org/wiki/The_Heat_(film),,,,seed_only
mov_the_hobbit_the_battle_of_the_five_armies_2014_8354f9,The Hobbit: The Battle of the Five Armies,2014,https://en.wikipedia.org/wiki/The_Hobbit:_The_Battle_of_the_Five_Armies,,,,seed_only
mov_the_host_2013_276388,The Host,2013,https://en.wikipedia.org/wiki/The_Host_(2013_film),,,,seed_only
mov_the_hundred_foot_journey_2014_bdf373,The Hundred-Foot Journey,2014,https://en.wikipedia.org/wiki/The_Hundred-Foot_Journey_(film),,,,seed_only
mov_the_hunger_games_2012_aa4536,The Hunger Games,2012,https://en.wikipedia.org/wiki/The_Hunger_Games_(film),,,,seed_only
mov_the_hunger_games_mockingjay_part_1_2014_61fcfd,The Hunger Games: Mockingjay – Part 1,2014,https://en.wikipedia.org/wiki/The_Hunger_Games:_Mockingjay_%25E2%2580%2593_Part_1,,,,seed_only
mov_the_hunger_games_mockingjay_part_2_2015_2d9d77,The Hunger Games: Mockingjay – Part 2,2015,https://en.wikipedia.org/wiki/The_Hunger_Games:_Mockingjay_%25E2%2580%2593_Part_2,,,,seed_only
mov_the_huntsman_winter_s_war_2016_2ef25d,The Huntsman: Winter's War,2016,https://en.wikipedia.org/wiki/The_Huntsman:_Winter%2527s_War,,,,seed_only
mov_the_iceman_2013_f452a2,The Iceman,2013,https://en.wikipedia.org/wiki/The_Iceman_(film),,,,seed_only
mov_the_identical_2014_f8dfcc,The Identical,2014,https://en.wikipedia.org/wiki/The_Identical,,,,seed_only
mov_the_imitation_game_2014_f85ea9,The Imitation Game,2014,https://en.wikipedia.org/wiki/The_Imitation_Game,,,,seed_only
mov_the_impossible_2012_a08667,The Impossible,2012,https://en.wikipedia.org/wiki/The_Impossible_(2012_film),,,,seed_only
mov_the_incredible_burt_wonderstone_2013_e7def4,The Incredible Burt Wonderstone,2013,https://en.wikipedia.org/wiki/The_Incredible_Burt_Wonderstone,,,,seed_only
mov_the_infiltrator_2016_1ebf4b,The Infiltrator,2016,https://en.wikipedia.org/wiki/The_Infiltrator_(2016_film),,,,seed_only
mov_the_intern_2015_4dab2f,The Intern,2015,https://en.wikipedia.org/wiki/The_Intern_(2015_film),,,,seed_only
mov_the_internship_2013_a3a021,The Internship,2013,https://en.wikipedia.org/wiki/The_Internship,,,,seed_only
mov_the_interview_2014_af1059,The Interview,2014,https://en.wikipedia.org/wiki/The_Interview_(2014_film),,,,seed_only
mov_the_judge_2014_810634,The Judge,2014,https://en.wikipedia.org/wiki/The_Judge_(2014_film),,,,seed_only
mov_the_lady_in_the_van_2015_ba89f1,The Lady in the Van,2015,https://en.wikipedia.org/wiki/The_Lady_in_the_Van,,,,seed_only
mov_the_last_exorcism_part_ii_2013_f93ad9,The Last Exorcism Part II,2013,https://en.wikipedia.org/wiki/The_Last_Exorcism_Part_II,,,,seed_only
mov_the_last_stand_2013_d23463,The Last Stand,2013,https://en.wikipedia.org/wiki/The_Last_Stand_(2013_film),,,,seed_only
mov_the_last_witch_hunter_2015_b2c97b,The Last Witch Hunter,2015,https://en.wikipedia.org/wiki/The_Last_Witch_Hunter,,,,seed_only
mov_the_lazarus_effect_2015_b17d69,The Lazarus Effect,2015,https://en.wikipedia.org/wiki/The_Lazarus_Effect_(2015_film),,,,seed_only
mov_the_legend_of_hercules_2014_598273,The Legend of Hercules,2014,https://en.wikipedia.org/wiki/The_Legend_of_Hercules,,,,seed_only
mov_the_legend_of_tarzan_2016_093f1b,The Legend of Tarzan,2016,https://en.wikipedia.org/wiki/The_Legend_of_Tarzan_(film),,,,seed_only
mov_the_lego_movie_2014_58c2ad,The Lego Movie,2014,https://en.wikipedia.org/wiki/The_Lego_Movie,,,,seed_only
mov_the_letters_2015_bac2a6,The Letters,2015,https://en.wikipedia.org/wiki/The_Letters_(film),,,,seed_only
mov_the_lucky_one_2012_d3ad30,The Lucky One,2012,https://en.wikipedia.org/wiki/The_Lucky_One_(film),,,,seed_only
mov_the_man_from_u_n_c_l_e_2015_442955,The Man from U.N.C.L.E.,2015,https://en.wikipedia.org/wiki/The_Man_from_U.N.C.L.E._(film),,,,seed_only
mov_the_man_with_the_iron_fists_2012_06c447,The Man with the Iron Fists,2012,https://en.wikipedia.org/wiki/The_Man_with_the_Iron_Fists,,,,seed_only
mov_the_martian_2015_8cbdee,The Martian,2015,https://en.wikipedia.org/wiki/The_Martian_(film),,,,seed_only
mov_the_master_2012_3f508a,The Master,2012,https://en.wikipedia.org/wiki/The_Master_(2012_film),,,,seed_only
mov_the_maze_runner_2014_315be1,The Maze Runner,2014,https://en.wikipedia.org/wiki/The_Maze_Runner_(film),,,,seed_only
mov_the_mermaid_2016_9844f4,The Mermaid,2016,https://en.wikipedia.org/wiki/The_Mermaid_(2016_film),,,,seed_only
mov_the_monuments_men_2014_7dea8b,The Monuments Men,2014,https://en.wikipedia.org/wiki/The_Monuments_Men,,,,seed_only
mov_the_mortal_instruments_city_of_bones_2013_de112f,The Mortal Instruments: City of Bones,2013,https://en.wikipedia.org/wiki/The_Mortal_Instruments:_City_of_Bones,,,,seed_only
mov_the_night_before_2015_a559a0,The Night Before,2015,https://en.wikipedia.org/wiki/The_Night_Before_(2015_film),,,,seed_only
mov_the_november_man_2014_a19c46,The November Man,2014,https://en.wikipedia.org/wiki/The_November_Man,,,,seed_only
mov_the_nut_job_2014_c60fca,The Nut Job,2014,https://en.wikipedia.org/wiki/The_Nut_Job,,,,seed_only
mov_the_oogieloves_in_the_big_balloon_adventure_2012_59b17d,The Oogieloves in the Big Balloon Adventure,2012,https://en.wikipedia.org/wiki/The_Oogieloves_in_the_Big_Balloon_Adventure,,,,seed_only
mov_the_other_woman_2014_0745cb,The Other Woman,2014,https://en.wikipedia.org/wiki/The_Other_Woman_(2014_film),,,,seed_only
mov_the_peanuts_movie_2015_ae4a7b,The Peanuts Movie,2015,https://en.wikipedia.org/wiki/The_Peanuts_Movie,,,,seed_only
mov_the_perfect_guy_2015_e69b98,The Perfect Guy,2015,https://en.wikipedia.org/wiki/The_Perfect_Guy_(2015_film),,,,seed_only
mov_the_perfect_match_2016_863618,The Perfect Match,2016,https://en.wikipedia.org/wiki/The_Perfect_Match_(2016_film),,,,seed_only
mov_the_perks_of_being_a_wallflower_2012_d4f3fc,The Perks of Being a Wallflower,2012,https://en.wikipedia.org/wiki/The_Perks_of_Being_a_Wallflower_(film),,,,seed_only
mov_the_pirates_band_of_misfits_2012_a2460b,The Pirates! Band of Misfits,2012,https://en.wikipedia.org/wiki/The_Pirates!_In_an_Adventure_with_Scientists_(film),,,,seed_only
mov_the_place_beyond_the_pines_2013_0655a6,The Place Beyond the Pines,2013,https://en.wikipedia.org/wiki/The_Place_Beyond_the_Pines,,,,seed_only
mov_the_possession_2012_5c1aa2,The Possession,2012,https://en.wikipedia.org/wiki/The_Possession_(2012_film),,,,seed_only
mov_the_purge_2013_b01040,The Purge,2013,https://en.wikipedia.org/wiki/The_Purge,,,,seed_only
mov_the_purge_election_year_2016_10f2cc,The Purge: Election Year,2016,https://en.wikipedia.org/wiki/The_Purge:_Election_Year,,,,seed_only
mov_the_raid_2_2014_e68838,The Raid 2,2014,https://en.wikipedia.org/wiki/The_Raid_2,,,,seed_only
mov_the_raid_redemption_2012_63a244,The Raid: Redemption ₪,2012,https://en.wikipedia.org/wiki/The_Raid:_Redemption,,,,seed_only
mov_the_raven_2012_430097,The Raven,2012,https://en.wikipedia.org/wiki/The_Raven_(2012_film),,,,seed_only
mov_the_revenant_2015_07d951,The Revenant,2015,https://en.wikipedia.org/wiki/The_Revenant_(2015_film),,,,seed_only
mov_the_second_best_exotic_marigold_hotel_2015_d8e873,The Second Best Exotic Marigold Hotel,2015,https://en.wikipedia.org/wiki/The_Second_Best_Exotic_Marigold_Hotel,,,,seed_only
mov_the_second_mother_2015_7313da,The Second Mother,2015,https://en.wikipedia.org/wiki/The_Second_Mother_(2015_film),,,,seed_only
mov_the_secret_life_of_pets_2016_7deb7e,The Secret Life of Pets,2016,https://en.wikipedia.org/wiki/The_Secret_Life_of_Pets,,,,seed_only
mov_the_secret_world_of_arrietty_2012_7f4494,The Secret World of Arrietty,2012,https://en.wikipedia.org/wiki/Arrietty,,,,seed_only
mov_the_shallows_2016_a1304f,The Shallows,2016,https://en.wikipedia.org/wiki/The_Shallows_(film),,,,seed_only
mov_the_signal_2014_59e157,The Signal,2014,https://en.wikipedia.org/wiki/The_Signal_(2014_film),,,,seed_only
mov_the_single_moms_club_2014_75069a,The Single Moms Club,2014,https://en.wikipedia.org/wiki/The_Single_Moms_Club,,,,seed_only
mov_the_smurfs_2_2013_0b8d45,The Smurfs 2,2013,https://en.wikipedia.org/wiki/The_Smurfs_2,,,,seed_only
mov_the_spectacular_now_2013_72e0cb,The Spectacular Now,2013,https://en.wikipedia.org/wiki/The_Spectacular_Now,,,,seed_only
mov_the_spongebob_movie_sponge_out_of_water_2015_928be1,The SpongeBob Movie: Sponge Out of Water,2015,https://en.wikipedia.org/wiki/The_SpongeBob_Movie:_Sponge_Out_of_Water,,,,seed_only
mov_the_sweet_escape_2015_ae4805,The Sweet Escape,2015,https://en.wikipedia.org/wiki/The_Sweet_Escape_(film),,,,seed_only
mov_the_theory_of_everything_2014_dd130c,The Theory of Everything,2014,https://en.wikipedia.org/wiki/The_Theory_of_Everything_(2014_film),,,,seed_only
mov_the_three_stooges_2012_84bdd7,The Three Stooges,2012,https://en.wikipedia.org/wiki/The_Three_Stooges_(film),,,,seed_only
mov_the_transporter_refueled_2015_0de5eb,The Transporter Refueled,2015,https://en.wikipedia.org/wiki/The_Transporter_Refueled,,,,seed_only
mov_the_twilight_saga_breaking_dawn_part_2_2012_2a8a9b,The Twilight Saga: Breaking Dawn – Part 2,2012,https://en.wikipedia.org/wiki/The_Twilight_Saga:_Breaking_Dawn_%25E2%2580%2593_Part_2,,,,seed_only
mov_the_vatican_tapes_2015_56edbb,The Vatican Tapes,2015,https://en.wikipedia.org/wiki/The_Vatican_Tapes,,,,seed_only
mov_the_visit_2015_009175,The Visit,2015,https://en.wikipedia.org/wiki/The_Visit_(2015_American_film),,,,seed_only
mov_the_walk_2015_dd20b4,The Walk,2015,https://en.wikipedia.org/wiki/The_Walk_(2015_film),,,,seed_only
mov_the_watch_2012_844eef,The Watch,2012,https://en.wikipedia.org/wiki/The_Watch_(2012_film),,,,seed_only
mov_the_water_diviner_2014_adc683,The Water Diviner,2014,https://en.wikipedia.org/wiki/The_Water_Diviner,,,,seed_only
mov_the_way_way_back_2013_f33bca,"The Way, Way Back",2013,"https://en.wikipedia.org/wiki/The_Way,_Way_Back",,,,seed_only
mov_the_wedding_ringer_2015_7b0cc7,The Wedding Ringer,2015,https://en.wikipedia.org/wiki/The_Wedding_Ringer,,,,seed_only
mov_the_witch_2016_8a47a4,The Witch,2016,https://en.wikipedia.org/wiki/The_Witch_(2015_film),,,,seed_only
mov_the_wolverine_2013_2c5765,The Wolverine,2013,https://en.wikipedia.org/wiki/The_Wolverine_(film),,,,seed_only
mov_the_woman_in_black_2012_ddca43,The Woman in Black,2012,https://en.wikipedia.org/wiki/The_Woman_in_Black_(2012_film),,,,seed_only
mov_the_woman_in_black_angel_of_death_2014_203c42,The Woman in Black: Angel of Death,2014,https://en.wikipedia.org/wiki/The_Woman_in_Black:_Angel_of_Death,,,,seed_only
mov_the_world_s_end_2013_63b63e,The World's End,2013,https://en.wikipedia.org/wiki/The_World%2527s_End_(film),,,,seed_only
mov_the_young_messiah_2016_3d45b3,The Young Messiah,2016,https://en.wikipedia.org/wiki/The_Young_Messiah_(film),,,,seed_only
mov_think_like_a_man_2012_c4f494,Think Like a Man,2012,https://en.wikipedia.org/wiki/Think_Like_a_Man,,,,seed_only
mov_this_is_the_end_2013_a415ec,This Is the End,2013,https://en.wikipedia.org/wiki/This_Is_the_End,,,,seed_only
mov_this_is_where_i_leave_you_2014_132a91,This Is Where I Leave You,2014,https://en.wikipedia.org/wiki/This_Is_Where_I_Leave_You,,,,seed_only
mov_this_means_war_2012_c8f657,This Means War,2012,https://en.wikipedia.org/wiki/This_Means_War_(film),,,,seed_only
mov_top_five_2014_e54b14,Top Five,2014,https://en.wikipedia.org/wiki/Top_Five,,,,seed_only
mov_top_gun_3d_2013_81d7c8,Top Gun 3D,2013,https://en.wikipedia.org/wiki/Top_Gun,,,,seed_only
mov_total_recall_2012_a15016,Total Recall,2012,https://en.wikipedia.org/wiki/Total_Recall_(2012_film),,,,seed_only
mov_trance_2013_fa7bda,Trance,2013,https://en.wikipedia.org/wiki/Trance_(2013_film),,,,seed_only
mov_transcendence_2014_5fe514,Transcendence,2014,https://en.wikipedia.org/wiki/Transcendence_(2014_film),,,,seed_only
mov_triple_9_2016_080f02,Triple 9,2016,https://en.wikipedia.org/wiki/Triple_9,,,,seed_only
mov_trouble_with_the_curve_2012_942da7,Trouble with the Curve,2012,https://en.wikipedia.org/wiki/Trouble_with_the_Curve,,,,seed_only
mov_trumbo_2015_aa1025,Trumbo,2015,https://en.wikipedia.org/wiki/Trumbo_(2015_film),,,,seed_only
mov_truth_2015_ce12bd,Truth,2015,https://en.wikipedia.org/wiki/Truth_(2015_film),,,,seed_only
mov_turbo_2013_204a18,Turbo,2013,https://en.wikipedia.org/wiki/Turbo_(film),,,,seed_only
mov_tusk_2014_0f943b,Tusk,2014,https://en.wikipedia.org/wiki/Tusk_(2014_film),,,,seed_only
mov_unbroken_2014_7241db,Unbroken,2014,https://en.wikipedia.org/wiki/Unbroken_(film),,,,seed_only
mov_unfinished_business_2015_b3d317,Unfinished Business,2015,https://en.wikipedia.org/wiki/Unfinished_Business_(2015_film),,,,seed_only
mov_unfriended_2014_9391ee,Unfriended,2014,https://en.wikipedia.org/wiki/Unfriended,,,,seed_only
mov_vacation_2015_f014f5,Vacation,2015,https://en.wikipedia.org/wiki/Vacation_(2015_film),,,,seed_only
mov_vampire_academy_2014_e7d4e0,Vampire Academy,2014,https://en.wikipedia.org/wiki/Vampire_Academy_(film),,,,seed_only
mov_veronica_mars_2014_4a7494,Veronica Mars,2014,https://en.wikipedia.org/wiki/Veronica_Mars_(film),,,,seed_only
mov_victor_frankenstein_2015_527889,Victor Frankenstein,2015,https://en.wikipedia.org/wiki/Victor_Frankenstein_(film),,,,seed_only
mov_wanderlust_2012_f1a740,Wanderlust,2012,https://en.wikipedia.org/wiki/Wanderlust_(2012_film),,,,seed_only
mov_war_dogs_2016_34d564,War Dogs,2016,https://en.wikipedia.org/wiki/War_Dogs_(2016_film),,,,seed_only
mov_war_room_2015_880ea5,War Room,2015,https://en.wikipedia.org/wiki/War_Room_(film),,,,seed_only
mov_warcraft_2016_d79cc7,Warcraft,2016,https://en.wikipedia.org/wiki/Warcraft_(film),,,,seed_only
mov_warm_bodies_2013_d8df43,Warm Bodies,2013,https://en.wikipedia.org/wiki/Warm_Bodies_(film),,,,seed_only
mov_what_maisie_knew_2013_6755ed,What Maisie Knew,2013,https://en.wikipedia.org/wiki/What_Maisie_Knew_(film),,,,seed_only
mov_what_to_expect_when_you_re_expecting_2012_fa363e,What to Expect When You're Expecting,2012,https://en.wikipedia.org/wiki/What_to_Expect_When_You%2527re_Expecting_(film),,,,seed_only
mov_when_the_game_stands_tall_2014_10162a,When the Game Stands Tall,2014,https://en.wikipedia.org/wiki/When_the_Game_Stands_Tall,,,,seed_only
mov_whiplash_2014_365fea,Whiplash,2014,https://en.wikipedia.org/wiki/Whiplash_(2014_film),,,,seed_only
mov_whiskey_tango_foxtrot_2016_9d0f8d,Whiskey Tango Foxtrot,2016,https://en.wikipedia.org/wiki/Whiskey_Tango_Foxtrot_(film),,,,seed_only
mov_white_house_down_2013_5a027b,White House Down,2013,https://en.wikipedia.org/wiki/White_House_Down,,,,seed_only
mov_wild_2014_8ab4f5,Wild,2014,https://en.wikipedia.org/wiki/Wild_(2014_film),,,,seed_only
mov_winter_s_tale_2014_685fd0,Winter's Tale,2014,https://en.wikipedia.org/wiki/Winter%2527s_Tale_(film),,,,seed_only
mov_wish_i_was_here_2014_ba063a,Wish I Was Here,2014,https://en.wikipedia.org/wiki/Wish_I_Was_Here,,,,seed_only
mov_woman_in_gold_2015_d3a7b1,Woman in Gold,2015,https://en.wikipedia.org/wiki/Woman_in_Gold_(film),,,,seed_only
mov_won_t_back_down_2012_82e152,Won't Back Down,2012,https://en.wikipedia.org/wiki/Won%2527t_Back_Down_(film),,,,seed_only
mov_woodlawn_2015_802501,Woodlawn,2015,https://en.wikipedia.org/wiki/Woodlawn_(film),,,,seed_only
mov_world_war_z_2013_f45179,World War Z,2013,https://en.wikipedia.org/wiki/World_War_Z_(film),,,,seed_only
mov_wrath_of_the_titans_2012_da9e68,Wrath of the Titans,2012,https://en.wikipedia.org/wiki/Wrath_of_the_Titans,,,,seed_only
mov_x_men_apocalypse_2016_70b605,X-Men: Apocalypse,2016,https://en.wikipedia.org/wiki/X-Men:_Apocalypse,,,,seed_only
mov_x_men_days_of_future_past_2014_6904dc,X-Men: Days of Future Past,2014,https://en.wikipedia.org/wiki/X-Men:_Days_of_Future_Past,,,,seed_only
mov_you_re_next_2013_b6035f,You're Next,2013,https://en.wikipedia.org/wiki/You%2527re_Next,,,,seed_only
mov_zero_dark_thirty_2012_0b8eb0,Zero Dark Thirty,2012,https://en.wikipedia.org/wiki/Zero_Dark_Thirty,,,,seed_only
mov_zhong_kui_snow_girl_and_the_dark_crystal_2015_cfd2f5,Zhong Kui: Snow Girl and the Dark Crystal,2015,https://en.wikipedia.org/wiki/Zhong_Kui:_Snow_Girl_and_the_Dark_Crystal,,,,seed_only
mov_zoolander_2_2016_177880,Zoolander 2,2016,https://en.wikipedia.org/wiki/Zoolander_2,,,,seed_only
